브랜드명,중분류명,소분류명,상품명,정가,할인가
닥터브로너스,클렌징 용품,클렌징 폼,[공홈 기획세트] 닥터 브로너스 프리미엄 세트,"34,400원", 
닥터브로너스,바디 케어,바디 클렌져,[공홈 기획세트] 닥터 브로너스 프리미엄 세트,"34,400원", 
닥터브로너스,클렌징 용품,클렌징 폼,[청결생활]닥터 브로너스 슈가솝 360ml,"20,000원", 
닥터브로너스,바디 케어,바디 클렌져,[청결생활]닥터 브로너스 슈가솝 360ml,"20,000원", 
닥터브로너스,바디 케어,바디케어용 때비누,그린티 퓨어 캐스틸 바솝 140g,"8,000원", 
닥터브로너스,클렌징 용품,화장 비누,그린티 퓨어 캐스틸 바솝 140g,"8,000원", 
닥터브로너스,클렌징 용품,클렌징 오일,그린티 퓨어 캐스틸 솝 240ml,"12,500원", 
닥터브로너스,바디 케어,바디 클렌져,그린티 퓨어 캐스틸 솝 240ml,"12,500원", 
닥터브로너스,클렌징 용품,클렌징 오일,그린티 퓨어 캐스틸 솝 475ml,"20,000원", 
닥터브로너스,바디 케어,바디 클렌져,그린티 퓨어 캐스틸 솝 475ml,"20,000원", 
닥터브로너스,클렌징 용품,클렌징 오일,그린티 퓨어 캐스틸 솝 60ml,"4,300원", 
닥터브로너스,바디 케어,바디 클렌져,그린티 퓨어 캐스틸 솝 60ml,"4,300원", 
닥터브로너스,클렌징 용품,클렌징 오일,그린티 퓨어 캐스틸 솝 950ml,"31,000원", 
닥터브로너스,바디 케어,바디 클렌져,그린티 퓨어 캐스틸 솝 950ml,"31,000원", 
닥터브로너스,클렌징 용품,클렌징 폼,라벤더 슈가솝 360ml,"20,000원", 
닥터브로너스,바디 케어,바디 클렌져,라벤더 슈가솝 360ml,"20,000원", 
닥터브로너스,바디 케어,바디케어용 때비누,라벤더 퓨어 캐스틸 바솝 140g,"8,000원", 
닥터브로너스,클렌징 용품,화장 비누,라벤더 퓨어 캐스틸 바솝 140g,"8,000원", 
닥터브로너스,클렌징 용품,클렌징 오일,라벤더 퓨어 캐스틸 솝 240ml,"12,500원", 
닥터브로너스,바디 케어,바디 클렌져,라벤더 퓨어 캐스틸 솝 240ml,"12,500원", 
닥터브로너스,클렌징 용품,클렌징 오일,라벤더 퓨어 캐스틸 솝 475ml,"20,000원", 
닥터브로너스,바디 케어,바디 클렌져,라벤더 퓨어 캐스틸 솝 475ml,"20,000원", 
닥터브로너스,클렌징 용품,클렌징 오일,라벤더 퓨어 캐스틸 솝 60ml,"4,300원", 
닥터브로너스,바디 케어,바디 클렌져,라벤더 퓨어 캐스틸 솝 60ml,"4,300원", 
닥터브로너스,클렌징 용품,클렌징 오일,라벤더 퓨어 캐스틸 솝 950ml,"31,000원", 
닥터브로너스,바디 케어,바디 클렌져,라벤더 퓨어 캐스틸 솝 950ml,"31,000원", 
닥터브로너스,바디 케어,바디 보습제,라벤더코코넛 오가닉 바디로션 237ml,"21,000원", 
닥터브로너스,헤어 케어,헤어에센스,라벤더코코넛 오가닉 헤어크림 177ml,"16,000원", 
닥터브로너스,클렌징 용품,클렌징 폼,레몬그라스 라임 슈가솝 360ml,"20,000원", 
닥터브로너스,바디 케어,바디 클렌져,레몬그라스 라임 슈가솝 360ml,"20,000원", 
닥터브로너스,바디 케어,바디케어용 때비누,로즈 퓨어 캐스틸 바솝 140g,"8,000원", 
닥터브로너스,클렌징 용품,화장 비누,로즈 퓨어 캐스틸 바솝 140g,"8,000원", 
닥터브로너스,클렌징 용품,클렌징 오일,로즈 퓨어 캐스틸 솝 240ml,"12,500원", 
닥터브로너스,바디 케어,바디 클렌져,로즈 퓨어 캐스틸 솝 240ml,"12,500원", 
닥터브로너스,클렌징 용품,클렌징 오일,로즈 퓨어 캐스틸 솝 475ml,"20,000원", 
닥터브로너스,바디 케어,바디 클렌져,로즈 퓨어 캐스틸 솝 475ml,"20,000원", 
닥터브로너스,클렌징 용품,클렌징 오일,로즈 퓨어 캐스틸 솝 60ml,"4,300원", 
닥터브로너스,바디 케어,바디 클렌져,로즈 퓨어 캐스틸 솝 60ml,"4,300원", 
닥터브로너스,클렌징 용품,클렌징 오일,로즈 퓨어 캐스틸 솝 950ml,"31,000원", 
닥터브로너스,바디 케어,바디 클렌져,로즈 퓨어 캐스틸 솝 950ml,"31,000원", 
닥터브로너스,바디 케어,바디케어용 때비누,베이비 마일드 퓨어 캐스틸 바솝 140g,"8,000원", 
닥터브로너스,클렌징 용품,화장 비누,베이비 마일드 퓨어 캐스틸 바솝 140g,"8,000원", 
닥터브로너스,클렌징 용품,클렌징 폼,베이비 언센티드 슈가솝 360ml,"20,000원", 
닥터브로너스,바디 케어,바디 클렌져,베이비 언센티드 슈가솝 360ml,"20,000원", 
닥터브로너스,클렌징 용품,클렌징 오일,베이비 언센티드 퓨어 캐스틸 솝 240ml,"12,500원", 
닥터브로너스,바디 케어,바디 클렌져,베이비 언센티드 퓨어 캐스틸 솝 240ml,"12,500원", 
닥터브로너스,클렌징 용품,클렌징 오일,베이비 언센티드 퓨어 캐스틸 솝 475ml,"20,000원", 
닥터브로너스,바디 케어,바디 클렌져,베이비 언센티드 퓨어 캐스틸 솝 475ml,"20,000원", 
닥터브로너스,클렌징 용품,클렌징 오일,베이비 언센티드 퓨어 캐스틸 솝 60ml,"4,300원", 
닥터브로너스,바디 케어,바디 클렌져,베이비 언센티드 퓨어 캐스틸 솝 60ml,"4,300원", 
닥터브로너스,클렌징 용품,클렌징 오일,베이비 언센티드 퓨어 캐스틸 솝 950ml,"31,000원", 
닥터브로너스,바디 케어,바디 클렌져,베이비 언센티드 퓨어 캐스틸 솝 950ml,"31,000원", 
닥터브로너스,바디 케어,바디케어용 때비누,샌달우드 자스민 퓨어 캐스틸 바솝 140g,"8,000원", 
닥터브로너스,클렌징 용품,화장 비누,샌달우드 자스민 퓨어 캐스틸 바솝 140g,"8,000원", 
닥터브로너스,클렌징 용품,남성 클렌징,샌달우드 자스민 퓨어 캐스틸 바솝 140g,"8,000원", 
닥터브로너스,클렌징 용품,클렌징 오일,샌달우드 자스민 퓨어 캐스틸 솝 240ml,"12,500원", 
닥터브로너스,바디 케어,바디 클렌져,샌달우드 자스민 퓨어 캐스틸 솝 240ml,"12,500원", 
닥터브로너스,클렌징 용품,남성 클렌징,샌달우드 자스민 퓨어 캐스틸 솝 240ml,"12,500원", 
닥터브로너스,클렌징 용품,클렌징 오일,샌달우드 자스민 퓨어 캐스틸 솝 475ml,"20,000원", 
닥터브로너스,바디 케어,바디 클렌져,샌달우드 자스민 퓨어 캐스틸 솝 475ml,"20,000원", 
닥터브로너스,클렌징 용품,남성 클렌징,샌달우드 자스민 퓨어 캐스틸 솝 475ml,"20,000원", 
닥터브로너스,클렌징 용품,클렌징 오일,샌달우드 자스민 퓨어 캐스틸 솝 60ml,"4,300원", 
닥터브로너스,바디 케어,바디 클렌져,샌달우드 자스민 퓨어 캐스틸 솝 60ml,"4,300원", 
닥터브로너스,클렌징 용품,남성 클렌징,샌달우드 자스민 퓨어 캐스틸 솝 60ml,"4,300원", 
닥터브로너스,클렌징 용품,클렌징 오일,샌달우드 자스민 퓨어 캐스틸 솝 950ml,"31,000원", 
닥터브로너스,바디 케어,바디 클렌져,샌달우드 자스민 퓨어 캐스틸 솝 950ml,"31,000원", 
닥터브로너스,클렌징 용품,남성 클렌징,샌달우드 자스민 퓨어 캐스틸 솝 950ml,"31,000원", 
닥터브로너스,바디 케어,바디케어용 때비누,시트러스 오렌지 퓨어 캐스틸 바솝 140g,"8,000원", 
닥터브로너스,클렌징 용품,화장 비누,시트러스 오렌지 퓨어 캐스틸 바솝 140g,"8,000원", 
닥터브로너스,클렌징 용품,클렌징 오일,시트러스 오렌지 퓨어 캐스틸 솝 240ml,"12,500원", 
닥터브로너스,바디 케어,바디 클렌져,시트러스 오렌지 퓨어 캐스틸 솝 240ml,"12,500원", 
닥터브로너스,클렌징 용품,클렌징 오일,시트러스 오렌지 퓨어 캐스틸 솝 475ml,"20,000원", 
닥터브로너스,바디 케어,바디 클렌져,시트러스 오렌지 퓨어 캐스틸 솝 475ml,"20,000원", 
닥터브로너스,클렌징 용품,클렌징 오일,시트러스 오렌지 퓨어 캐스틸 솝 60ml,"4,300원", 
닥터브로너스,바디 케어,바디 클렌져,시트러스 오렌지 퓨어 캐스틸 솝 60ml,"4,300원", 
닥터브로너스,클렌징 용품,클렌징 오일,시트러스 오렌지 퓨어 캐스틸 솝 950ml,"31,000원", 
닥터브로너스,바디 케어,바디 클렌져,시트러스 오렌지 퓨어 캐스틸 솝 950ml,"31,000원", 
닥터브로너스,바디 케어,바디케어용 때비누,아몬드 퓨어 캐스틸 바솝 140g,"8,000원", 
닥터브로너스,클렌징 용품,화장 비누,아몬드 퓨어 캐스틸 바솝 140g,"8,000원", 
닥터브로너스,클렌징 용품,클렌징 오일,아몬드 퓨어 캐스틸 솝 240ml,"12,500원", 
닥터브로너스,바디 케어,바디 클렌져,아몬드 퓨어 캐스틸 솝 240ml,"12,500원", 
닥터브로너스,클렌징 용품,클렌징 오일,아몬드 퓨어 캐스틸 솝 475ml,"20,000원", 
닥터브로너스,바디 케어,바디 클렌져,아몬드 퓨어 캐스틸 솝 475ml,"20,000원", 
닥터브로너스,클렌징 용품,클렌징 오일,아몬드 퓨어 캐스틸 솝 60ml,"4,300원", 
닥터브로너스,바디 케어,바디 클렌져,아몬드 퓨어 캐스틸 솝 60ml,"4,300원", 
닥터브로너스,클렌징 용품,클렌징 오일,아몬드 퓨어 캐스틸 솝 950ml,"31,000원", 
닥터브로너스,바디 케어,바디 클렌져,아몬드 퓨어 캐스틸 솝 950ml,"31,000원", 
닥터브로너스,클렌징 용품,클렌징 오일,얼그레이 퓨어 캐스틸 솝 240ml,"12,500원", 
닥터브로너스,바디 케어,바디 클렌져,얼그레이 퓨어 캐스틸 솝 240ml,"12,500원", 
닥터브로너스,클렌징 용품,남성 클렌징,얼그레이 퓨어 캐스틸 솝 240ml,"12,500원", 
닥터브로너스,클렌징 용품,클렌징 오일,얼그레이 퓨어 캐스틸 솝 475ml,"20,000원", 
닥터브로너스,바디 케어,바디 클렌져,얼그레이 퓨어 캐스틸 솝 475ml,"20,000원", 
닥터브로너스,클렌징 용품,남성 클렌징,얼그레이 퓨어 캐스틸 솝 475ml,"20,000원", 
닥터브로너스,클렌징 용품,클렌징 오일,얼그레이 퓨어 캐스틸 솝 60ml,"4,300원", 
닥터브로너스,바디 케어,바디 클렌져,얼그레이 퓨어 캐스틸 솝 60ml,"4,300원", 
닥터브로너스,클렌징 용품,남성 클렌징,얼그레이 퓨어 캐스틸 솝 60ml,"4,300원", 
닥터브로너스,클렌징 용품,클렌징 오일,얼그레이 퓨어 캐스틸 솝 950ml,"31,000원", 
닥터브로너스,바디 케어,바디 클렌져,얼그레이 퓨어 캐스틸 솝 950ml,"31,000원", 
닥터브로너스,클렌징 용품,남성 클렌징,얼그레이 퓨어 캐스틸 솝 950ml,"31,000원", 
닥터브로너스,바디 케어,바디 보습제,오렌지라벤더 오가닉 바디로션 237ml,"21,000원", 
닥터브로너스,바디 케어,바디케어용 때비누,유칼립투스 퓨어 캐스틸 바솝 140g,"8,000원", 
닥터브로너스,클렌징 용품,화장 비누,유칼립투스 퓨어 캐스틸 바솝 140g,"8,000원", 
닥터브로너스,클렌징 용품,클렌징 오일,유칼립투스 퓨어 캐스틸 솝 240ml,"12,500원", 
닥터브로너스,바디 케어,바디 클렌져,유칼립투스 퓨어 캐스틸 솝 240ml,"12,500원", 
닥터브로너스,클렌징 용품,클렌징 오일,유칼립투스 퓨어 캐스틸 솝 475ml,"20,000원", 
닥터브로너스,바디 케어,바디 클렌져,유칼립투스 퓨어 캐스틸 솝 475ml,"20,000원", 
닥터브로너스,클렌징 용품,클렌징 오일,유칼립투스 퓨어 캐스틸 솝 60ml,"4,300원", 
닥터브로너스,바디 케어,바디 클렌져,유칼립투스 퓨어 캐스틸 솝 60ml,"4,300원", 
닥터브로너스,클렌징 용품,클렌징 오일,유칼립투스 퓨어 캐스틸 솝 950ml,"31,000원", 
닥터브로너스,바디 케어,바디 클렌져,유칼립투스 퓨어 캐스틸 솝 950ml,"31,000원", 
닥터브로너스,바디 케어,바디케어용 때비누,체리블라썸 퓨어 캐스틸 바솝 140g,"8,000원", 
닥터브로너스,클렌징 용품,화장 비누,체리블라썸 퓨어 캐스틸 바솝 140g,"8,000원", 
닥터브로너스,클렌징 용품,클렌징 오일,체리블라썸 퓨어 캐스틸 솝 240ml,"12,500원", 
닥터브로너스,바디 케어,바디 클렌져,체리블라썸 퓨어 캐스틸 솝 240ml,"12,500원", 
닥터브로너스,클렌징 용품,클렌징 오일,체리블라썸 퓨어 캐스틸 솝 475ml,"20,000원", 
닥터브로너스,바디 케어,바디 클렌져,체리블라썸 퓨어 캐스틸 솝 475ml,"20,000원", 
닥터브로너스,클렌징 용품,클렌징 오일,체리블라썸 퓨어 캐스틸 솝 60ml,"4,300원", 
닥터브로너스,바디 케어,바디 클렌져,체리블라썸 퓨어 캐스틸 솝 60ml,"4,300원", 
닥터브로너스,클렌징 용품,클렌징 오일,체리블라썸 퓨어 캐스틸 솝 950ml,"31,000원", 
닥터브로너스,바디 케어,바디 클렌져,체리블라썸 퓨어 캐스틸 솝 950ml,"31,000원", 
닥터브로너스,클렌징 용품,클렌징 폼,티트리 슈가솝 360ml,"20,000원", 
닥터브로너스,바디 케어,바디 클렌져,티트리 슈가솝 360ml,"20,000원", 
닥터브로너스,바디 케어,바디케어용 때비누,티트리 퓨어 캐스틸 바솝 140g,"8,000원", 
닥터브로너스,클렌징 용품,화장 비누,티트리 퓨어 캐스틸 바솝 140g,"8,000원", 
닥터브로너스,클렌징 용품,클렌징 오일,티트리 퓨어 캐스틸 솝 240ml,"12,500원", 
닥터브로너스,바디 케어,바디 클렌져,티트리 퓨어 캐스틸 솝 240ml,"12,500원", 
닥터브로너스,클렌징 용품,클렌징 오일,티트리 퓨어 캐스틸 솝 475ml,"20,000원", 
닥터브로너스,바디 케어,바디 클렌져,티트리 퓨어 캐스틸 솝 475ml,"20,000원", 
닥터브로너스,클렌징 용품,클렌징 오일,티트리 퓨어 캐스틸 솝 60ml,"4,300원", 
닥터브로너스,바디 케어,바디 클렌져,티트리 퓨어 캐스틸 솝 60ml,"4,300원", 
닥터브로너스,클렌징 용품,클렌징 오일,티트리 퓨어 캐스틸 솝 950ml,"31,000원", 
닥터브로너스,바디 케어,바디 클렌져,티트리 퓨어 캐스틸 솝 950ml,"31,000원", 
닥터브로너스,바디 케어,바디 보습제,패츄올리 라임 오가닉 바디로션 237ml,"21,000원", 
닥터브로너스,클렌징 용품,클렌징 폼,페퍼민트 슈가솝 360ml,"20,000원","16,000원"
닥터브로너스,바디 케어,바디 클렌져,페퍼민트 슈가솝 360ml,"20,000원","16,000원"
닥터브로너스,클렌징 용품,남성 클렌징,페퍼민트 슈가솝 360ml,"20,000원","16,000원"
닥터브로너스,바디 케어,바디 보습제,페퍼민트 오가닉 바디로션 237ml,"21,000원","16,800원"
닥터브로너스,헤어 케어,헤어에센스,페퍼민트 오가닉 헤어크림 177ml,"16,000원","12,800원"
닥터브로너스,바디 케어,바디케어용 때비누,페퍼민트 퓨어 캐스틸 바솝 140g,"8,000원","6,400원"
닥터브로너스,클렌징 용품,화장 비누,페퍼민트 퓨어 캐스틸 바솝 140g,"8,000원","6,400원"
닥터브로너스,클렌징 용품,남성 클렌징,페퍼민트 퓨어 캐스틸 바솝 140g,"8,000원","6,400원"
닥터브로너스,클렌징 용품,클렌징 오일,페퍼민트 퓨어 캐스틸 솝 240ml,"12,500원","10,000원"
닥터브로너스,바디 케어,바디 클렌져,페퍼민트 퓨어 캐스틸 솝 240ml,"12,500원","10,000원"
닥터브로너스,클렌징 용품,남성 클렌징,페퍼민트 퓨어 캐스틸 솝 240ml,"12,500원","10,000원"
닥터브로너스,클렌징 용품,클렌징 오일,페퍼민트 퓨어 캐스틸 솝 475ml,"20,000원","16,000원"
닥터브로너스,바디 케어,바디 클렌져,페퍼민트 퓨어 캐스틸 솝 475ml,"20,000원","16,000원"
닥터브로너스,클렌징 용품,남성 클렌징,페퍼민트 퓨어 캐스틸 솝 475ml,"20,000원","16,000원"
닥터브로너스,클렌징 용품,클렌징 오일,페퍼민트 퓨어 캐스틸 솝 60ml,"4,300원","3,440원"
닥터브로너스,바디 케어,바디 클렌져,페퍼민트 퓨어 캐스틸 솝 60ml,"4,300원","3,440원"
닥터브로너스,클렌징 용품,남성 클렌징,페퍼민트 퓨어 캐스틸 솝 60ml,"4,300원","3,440원"
닥터브로너스,클렌징 용품,클렌징 오일,페퍼민트 퓨어 캐스틸 솝 950ml,"31,000원","24,800원"
닥터브로너스,바디 케어,바디 클렌져,페퍼민트 퓨어 캐스틸 솝 950ml,"31,000원","24,800원"
닥터브로너스,클렌징 용품,남성 클렌징,페퍼민트 퓨어 캐스틸 솝 950ml,"31,000원","24,800원"
러쉬,향수,여성향수,1000 키시스 딥 100ml,"110,000원", 
러쉬,향수,여성향수,1000 키시스 딥 솔리드 퍼퓸,"20,000원", 
러쉬,향수,여성향수,1000 키시스 딥 워시 카드,"4,000원", 
러쉬,입욕제,입욕제,1000 키시스 딥 퍼퓸 버블 보틀,"25,000원", 
러쉬,향수,여성향수,1000 키시스 딥30ml,"55,000원", 
러쉬,입욕제,입욕제,가디스,"19,000원", 
러쉬,메이크업 도구,메이크업 브러쉬,겟 인 데어,"22,000원", 
러쉬,바디 케어,바디케어용 때비누,굿 데이 선샤인,"19,000원", 
러쉬,바디 케어,바디 클렌져,굿 데이 선샤인,"19,000원", 
러쉬,향수,여성향수,그래스 100ml,"190,000원", 
러쉬,향수,여성향수,그래쓰루츠 100ml,"130,000원", 
러쉬,입욕제,입욕제,그루비 카인드 오브 러브,"19,000원", 
러쉬,클렌징 용품,클렌징 크림,그리스 라이트닝,"20,000원", 
러쉬,헤어 케어,린스,글로리 95g/215g/450g,"29,000원", 
러쉬,메이크업 도구,메이크업 브러쉬,글로우 투 타운,"45,000원", 
러쉬,입욕제,입욕제,나나 버블 바,"18,000원", 
러쉬,바디 케어,바디케어용 때비누,낫 슬리피,"8,000원", 
러쉬,바디 케어,바디 클렌져,낫 슬리피,"8,000원", 
러쉬,향수,여성향수,네로 100ml,"320,000원", 
러쉬,향수,여성향수,네로 30ml,"150,000원", 
러쉬,색조 메이크업 립,색조 메이크업 립밤,논 오브 유어 비즈왁스,"17,000원", 
러쉬,헤어 케어,샴푸,뉴,"18,000원", 
러쉬,입욕제,입욕제,다이너마이트 버블 스틱,"16,000원", 
러쉬,바디 케어,바디 클렌져,다크 엔젤스 100g/250g,"22,000원", 
러쉬,클렌징 용품,클렌징 크림,다크 엔젤스 100g/250g,"22,000원", 
러쉬,향수,여성향수,대드스 가든 100ml,"220,000원", 
러쉬,향수,여성향수,대드스 가든 레몬 트리,"50,000원", 
러쉬,헤어 케어,샴푸,대디-오 100g/250g/500g,"19,000원", 
러쉬,헤어 케어,린스,더 골든 캡,"22,000원", 
러쉬,입욕제,입욕제,더 그레이트 웨이브,"18,000원", 
러쉬,향수,여성향수,더 버그 100ml,"280,000원", 
러쉬,입욕제,입욕제,더 빅 컴포터,"48,000원", 
러쉬,향수,여성향수,더 스멜 오브 프리덤 100ml,"280,000원", 
러쉬,바디 케어,바디케어용 때비누,더 올리브 브랜치 100g/250g/500g,"17,000원", 
러쉬,바디 케어,바디 클렌져,더 올리브 브랜치 100g/250g/500g,"17,000원", 
러쉬,입욕제,입욕제,더 컴포터,"15,000원", 
러쉬,입욕제,입욕제,더 컴포터,"18,000원", 
러쉬,입욕제,입욕제,더 허니 팟,"19,000원", 
러쉬,향수,여성향수,더티 100ml,"110,000원", 
러쉬,향수,여성향수,더티 30ml,"55,000원", 
러쉬,향수,여성향수,더티 보디 스프레이,"50,000원", 
러쉬,향수,여성향수,더티 솔리드 퍼퓸,"20,000원", 
러쉬,헤어 미용,헤어왁스,더티 스타일링 크림,"25,000원", 
러쉬,바디 케어,바디케어용 때비누,더티 스프링워시 100g/280g/560g,"17,000원", 
러쉬,바디 케어,바디 클렌져,더티 스프링워시 100g/280g/560g,"17,000원", 
러쉬,향수,여성향수,더티 워시 카드,"4,000원", 
러쉬,입욕제,입욕제,더티 퍼퓸 버블 보틀,"23,000원", 
러쉬,향수,여성향수,데빌스 나이트캡 100ml,"330,000원", 
러쉬,향수,여성향수,데쓰 앤 디케이 100ml,"220,000원", 
러쉬,색조 메이크업 아이,색조 메이크업 아이라이너,독립,"35,000원", 
러쉬,스킨 케어,스킨케어 마스크팩,돈트 룩 앳 미,"25,000원", 
러쉬,입욕제,입욕제,드래곤스 에그,"15,000원", 
러쉬,바디 케어,바디 보습제,드림 크림,"42,000원", 
러쉬,바디 케어,바디 보습제,드림 크림 셀프-프리저빙 45g/240g,"13,000원", 
러쉬,향수,여성향수,디어 존 100ml,"170,000원", 
러쉬,입욕제,입욕제,디어 존 퍼퓸 버블 보틀,"35,000원", 
러쉬,입욕제,입욕제,딥 슬립,"19,000원", 
러쉬,입욕제,입욕제,라이트벌브 모먼트,"16,000원", 
러쉬,입욕제,입욕제,라즈베리 블로어,"22,000원", 
러쉬,향수,여성향수,러브 100ml,"150,000원", 
러쉬,향수,여성향수,러브 30ml,"75,000원", 
러쉬,향수,여성향수,러브 솔리드 퍼퓸,"20,000원", 
러쉬,향수,여성향수,러브 워시 카드,"4,000원", 
러쉬,입욕제,입욕제,러브 퍼퓸 버블 보틀,"35,000원", 
러쉬,향수,여성향수,러스트 100ml,"130,000원", 
러쉬,향수,여성향수,러스트 30ml,"65,000원", 
러쉬,향수,여성향수,러스트 솔리드 퍼퓸,"20,000원", 
러쉬,향수,여성향수,러스트 워시 카드,"4,000원", 
러쉬,입욕제,입욕제,럭키 캣 버블 바,"16,000원", 
러쉬,바디 케어,바디케어용 때비누,럽 럽 럽 300g/600g,"30,000원", 
러쉬,바디 케어,바디 클렌져,럽 럽 럽 300g/600g,"30,000원", 
러쉬,바디 케어,바디케어용 때비누,레몬 제스트,"14,000원", 
러쉬,바디 케어,바디 클렌져,레몬 제스트,"14,000원", 
러쉬,입욕제,입욕제,레몬 크럼블 버블룬,"19,000원", 
러쉬,입욕제,입욕제,레이디 버드,"18,000원", 
러쉬,입욕제,입욕제,레인보우,"20,000원", 
러쉬,바디 케어,바디케어용 때비누,레인보우,"20,000원", 
러쉬,바디 케어,바디 클렌져,레인보우,"20,000원", 
러쉬,향수,여성향수,렌트리스 100ml,"150,000원", 
러쉬,향수,여성향수,렌트리스 30ml,"75,000원", 
러쉬,향수,여성향수,렌트리스 솔리드 퍼퓸,"20,000원", 
러쉬,향수,여성향수,렌트리스 워시 카드,"4,000원", 
러쉬,바디 케어,바디 클렌져,렛 더 굿 타임즈 롤 100g/250g,"22,000원", 
러쉬,클렌징 용품,클렌징 크림,렛 더 굿 타임즈 롤 100g/250g,"22,000원", 
러쉬,향수,여성향수,로드 오브 고트혼 100ml,"280,000원", 
러쉬,향수,여성향수,로드 오브 미스룰 100ml,"130,000원", 
러쉬,향수,여성향수,로드 오브 미스룰 30ml,"65,000원", 
러쉬,향수,여성향수,로드 오브 미스룰 솔리드 퍼퓸,"20,000원", 
러쉬,향수,여성향수,로드 오브 미스룰 워시 카드,"4,000원", 
러쉬,향수,여성향수,로드 프롬 다마스쿠스 100ml,"330,000원", 
러쉬,색조 메이크업 립,색조 메이크업 립스틱,로스앤젤레스,"25,000원", 
러쉬,색조 메이크업 립,색조 메이크업 립밤,로즈 롤리팝,"17,000원", 
러쉬,바디 케어,바디케어용 때비누,로즈 아르간,"22,000원", 
러쉬,바디 케어,바디 클렌져,로즈 아르간,"22,000원", 
러쉬,바디 케어,바디케어용 때비누,로즈 아르간 보디 컨디셔너 225g/450g,"42,000원", 
러쉬,바디 케어,바디 클렌져,로즈 아르간 보디 컨디셔너 225g/450g,"42,000원", 
러쉬,향수,여성향수,로즈 잼,"65,000원", 
러쉬,바디 케어,바디케어용 때비누,로즈 잼 100g/250g/500g,"19,000원", 
러쉬,바디 케어,바디 클렌져,로즈 잼 100g/250g/500g,"19,000원", 
러쉬,입욕제,입욕제,로즈 잼 버블룬,"16,000원", 
러쉬,향수,여성향수,로즈 잼 솔리드 퍼퓸,"20,000원", 
러쉬,향수,여성향수,로즈 잼 워시 카드,"4,000원", 
러쉬,스킨 케어,스킨케어 마스크팩,로지 칙스,"25,000원", 
러쉬,헤어 케어,헤어에센스,르네'스 시어 수플레 90g/190g/390g,"34,000원", 
러쉬,헤어 케어,샴푸,리햅 100g/250g/500g,"19,000원", 
러쉬,헤어 케어,트리트먼트,마릴린,"32,000원", 
러쉬,입욕제,입욕제,마쉬멜로우 월드,"19,000원", 
러쉬,클렌징 용품,클렌징 크림,매지컬 모링가,"54,000원", 
러쉬,바디 케어,바디케어용 때비누,매직 크리스탈스 300g/600g,"32,000원", 
러쉬,바디 케어,바디 클렌져,매직 크리스탈스 300g/600g,"32,000원", 
러쉬,입욕제,입욕제,머메이드 테일,"18,000원", 
러쉬,입욕제,입욕제,멜로우 드라마 버블 스틱,"16,000원", 
러쉬,입욕제,입욕제,멜리진,"19,000원", 
러쉬,클렌징 용품,화장 비누,모비스,"18,000원", 
러쉬,입욕제,입욕제,몬스터스 & 에일리언스,"19,000원", 
러쉬,바디 케어,바디케어용 때비누,몬스터스 & 에일리언스,"19,000원", 
러쉬,바디 케어,바디 클렌져,몬스터스 & 에일리언스,"19,000원", 
러쉬,헤어 케어,샴푸,몬탈바노,"18,000원", 
러쉬,입욕제,입욕제,미세스 위피,"20,000원", 
러쉬,바디 케어,바디케어용 때비누,밀키 바,"9,000원", 
러쉬,바디 케어,바디 클렌져,밀키 바,"9,000원", 
러쉬,입욕제,입욕제,밀키 배쓰 버블 보틀,"22,000원", 
러쉬,향수,여성향수,바닐라리 100ml,"130,000원", 
러쉬,향수,여성향수,바닐라리 30ml,"65,000원", 
러쉬,향수,여성향수,바닐라리 솔리드 퍼퓸,"20,000원", 
러쉬,향수,여성향수,바닐라리 워시 카드,"4,000원", 
러쉬,헤어 케어,헤어에센스,밸런스 100g/225g/450g,"34,000원", 
러쉬,입욕제,입욕제,버터볼,"7,500원", 
러쉬,바디 케어,바디케어용 때비누,버피 90g,"17,000원", 
러쉬,바디 케어,바디 클렌져,버피 90g,"17,000원", 
러쉬,바디 케어,바디 보습제,버피 90g,"17,000원", 
러쉬,헤어 케어,린스,베가니스 100g/250g/500g,"15,000원", 
러쉬,입욕제,입욕제,베수비오,"20,000원", 
러쉬,색조 메이크업 립,색조 메이크업 립스틱,베이테딘,"25,000원", 
러쉬,입욕제,입욕제,보틀 오브 버블리 버블 보틀,"23,000원", 
러쉬,바디 케어,바디케어용 때비누,보헤미안,"9,000원", 
러쉬,바디 케어,바디 클렌져,보헤미안,"9,000원", 
러쉬,풋 제품,풋워시/스크럽,볼케이노,"18,000원", 
러쉬,입욕제,입욕제,브라이트사이드,"18,000원", 
러쉬,향수,여성향수,브레스 오브 갓 100ml,"150,000원", 
러쉬,향수,여성향수,브레스 오브 갓 30ml,"75,000원", 
러쉬,향수,여성향수,브레스 오브 갓 솔리드 퍼퓸,"20,000원", 
러쉬,향수,여성향수,브레스 오브 갓 워시 카드,"4,000원", 
러쉬,기초 화장품,기초 화장용 스킨,브레스 오브 프레쉬 에어 100g/250g,"14,000원", 
러쉬,입욕제,입욕제,블랙베리,"15,000원", 
러쉬,입욕제,입욕제,블루 스카이스 앤드 플러피 화이트 클라우즈,"18,000원", 
러쉬,향수,여성향수,비 센트 100ml,"220,000원", 
러쉬,헤어 케어,샴푸,빅,"35,000원", 
러쉬,입욕제,입욕제,빅 보틀 오브 에너지 버블 보틀,"28,000원", 
러쉬,입욕제,입욕제,빅 보틀 오브 캄 버블 보틀,"25,000원", 
러쉬,입욕제,입욕제,빅 블루,"12,000원", 
러쉬,색조 메이크업 립,색조 메이크업 립스틱,사이돈,"25,000원", 
러쉬,입욕제,입욕제,사쿠라,"12,000원", 
러쉬,향수,여성향수,사쿠라,"60,000원", 
러쉬,바디 케어,바디케어용 때비누,샌드스톤,"10,000원", 
러쉬,바디 케어,바디 클렌져,샌드스톤,"10,000원", 
러쉬,클렌징 용품,클렌징 크림,세븐 투 쓰리,"5,000원", 
러쉬,입욕제,입욕제,섹스 밤,"12,000원", 
러쉬,클렌징 용품,클렌징 크림,셀레스티얼,"48,000원", 
러쉬,헤어 케어,샴푸,속 앤 플롯,"18,000원", 
러쉬,헤어 케어,헤어에센스,수퍼 밀크 100g/250g,"34,000원", 
러쉬,헤어 케어,트리트먼트,수퍼밤,"37,000원", 
러쉬,향수,여성향수,수퍼월드 언노운 100ml,"190,000원", 
러쉬,바디 케어,바디케어용 때비누,술타나 오브 솝,"9,000원", 
러쉬,바디 케어,바디 클렌져,술타나 오브 솝,"9,000원", 
러쉬,바디 케어,바디 보습제,쉼미 쉼미,"13,000원", 
러쉬,향수,여성향수,스머글러스 소울 100ml,"170,000원", 
러쉬,향수,여성향수,스머글러스 소울 30ml,"85,000원", 
러쉬,향수,여성향수,스머글러스 소울 솔리드 퍼퓸,"20,000원", 
러쉬,향수,여성향수,스머글러스 소울 워시 카드,"4,000원", 
러쉬,클렌징 용품,클렌징 크림,스킨 드링크,"49,000원", 
러쉬,입욕제,입욕제,스트로베리 폼,"13,000원", 
러쉬,베이스 메이크업 제품,베이스 메이크업용 파운데이션,슬랩 스틱 10C,"34,000원", 
러쉬,베이스 메이크업 제품,베이스 메이크업용 파운데이션,슬랩 스틱 11N,"34,000원", 
러쉬,베이스 메이크업 제품,베이스 메이크업용 파운데이션,슬랩 스틱 12W,"34,000원", 
러쉬,베이스 메이크업 제품,베이스 메이크업용 파운데이션,슬랩 스틱 13C,"34,000원", 
러쉬,베이스 메이크업 제품,베이스 메이크업용 파운데이션,슬랩 스틱 14N,"34,000원", 
러쉬,베이스 메이크업 제품,베이스 메이크업용 파운데이션,슬랩 스틱 15W,"34,000원", 
러쉬,베이스 메이크업 제품,베이스 메이크업용 파운데이션,슬랩 스틱 16W,"34,000원", 
러쉬,베이스 메이크업 제품,베이스 메이크업용 파운데이션,슬랩 스틱 17N,"34,000원", 
러쉬,베이스 메이크업 제품,베이스 메이크업용 파운데이션,슬랩 스틱 18C,"34,000원", 
러쉬,베이스 메이크업 제품,베이스 메이크업용 파운데이션,슬랩 스틱 19W,"34,000원", 
러쉬,베이스 메이크업 제품,베이스 메이크업용 파운데이션,슬랩 스틱 1C,"34,000원", 
러쉬,베이스 메이크업 제품,베이스 메이크업용 파운데이션,슬랩 스틱 20N,"34,000원", 
러쉬,베이스 메이크업 제품,베이스 메이크업용 파운데이션,슬랩 스틱 21W,"34,000원", 
러쉬,베이스 메이크업 제품,베이스 메이크업용 파운데이션,슬랩 스틱 22C,"34,000원", 
러쉬,베이스 메이크업 제품,베이스 메이크업용 파운데이션,슬랩 스틱 23N,"34,000원", 
러쉬,베이스 메이크업 제품,베이스 메이크업용 파운데이션,슬랩 스틱 24W,"34,000원", 
러쉬,베이스 메이크업 제품,베이스 메이크업용 파운데이션,슬랩 스틱 25W,"34,000원", 
러쉬,베이스 메이크업 제품,베이스 메이크업용 파운데이션,슬랩 스틱 26N,"34,000원", 
러쉬,베이스 메이크업 제품,베이스 메이크업용 파운데이션,슬랩 스틱 27C,"34,000원", 
러쉬,베이스 메이크업 제품,베이스 메이크업용 파운데이션,슬랩 스틱 28C,"34,000원", 
러쉬,베이스 메이크업 제품,베이스 메이크업용 파운데이션,슬랩 스틱 29N,"34,000원", 
러쉬,베이스 메이크업 제품,베이스 메이크업용 파운데이션,슬랩 스틱 2N,"34,000원", 
러쉬,베이스 메이크업 제품,베이스 메이크업용 파운데이션,슬랩 스틱 30W,"34,000원", 
러쉬,베이스 메이크업 제품,베이스 메이크업용 파운데이션,슬랩 스틱 31N,"34,000원", 
러쉬,베이스 메이크업 제품,베이스 메이크업용 파운데이션,슬랩 스틱 32C,"34,000원", 
러쉬,베이스 메이크업 제품,베이스 메이크업용 파운데이션,슬랩 스틱 33W,"34,000원", 
러쉬,베이스 메이크업 제품,베이스 메이크업용 파운데이션,슬랩 스틱 34C,"34,000원", 
러쉬,베이스 메이크업 제품,베이스 메이크업용 파운데이션,슬랩 스틱 35W,"34,000원", 
러쉬,베이스 메이크업 제품,베이스 메이크업용 파운데이션,슬랩 스틱 36C,"34,000원", 
러쉬,베이스 메이크업 제품,베이스 메이크업용 파운데이션,슬랩 스틱 37C,"34,000원", 
러쉬,베이스 메이크업 제품,베이스 메이크업용 파운데이션,슬랩 스틱 38N,"34,000원", 
러쉬,베이스 메이크업 제품,베이스 메이크업용 파운데이션,슬랩 스틱 39N,"34,000원", 
러쉬,베이스 메이크업 제품,베이스 메이크업용 파운데이션,슬랩 스틱 3W,"34,000원", 
러쉬,베이스 메이크업 제품,베이스 메이크업용 파운데이션,슬랩 스틱 40N,"34,000원", 
러쉬,베이스 메이크업 제품,베이스 메이크업용 파운데이션,슬랩 스틱 4C,"34,000원", 
러쉬,베이스 메이크업 제품,베이스 메이크업용 파운데이션,슬랩 스틱 5N,"34,000원", 
러쉬,베이스 메이크업 제품,베이스 메이크업용 파운데이션,슬랩 스틱 6W,"34,000원", 
러쉬,베이스 메이크업 제품,베이스 메이크업용 파운데이션,슬랩 스틱 7C,"34,000원", 
러쉬,베이스 메이크업 제품,베이스 메이크업용 파운데이션,슬랩 스틱 8N,"34,000원", 
러쉬,베이스 메이크업 제품,베이스 메이크업용 파운데이션,슬랩 스틱 9W,"34,000원", 
러쉬,바디 케어,바디케어용 때비누,슬리피,"13,000원", 
러쉬,바디 케어,바디 클렌져,슬리피,"13,000원", 
러쉬,바디 케어,바디케어용 때비누,슬리피,"8,000원", 
러쉬,바디 케어,바디 클렌져,슬리피,"8,000원", 
러쉬,바디 케어,바디케어용 때비누,슬리피 110g/260g/520g,"19,000원", 
러쉬,바디 케어,바디 클렌져,슬리피 110g/260g/520g,"19,000원", 
러쉬,바디 케어,바디 보습제,슬리피 95g/225g,"22,000원", 
러쉬,바디 케어,바디 보습제,슬리피 더스트,"18,000원", 
러쉬,입욕제,입욕제,슬리피 버블 바,"18,000원", 
러쉬,향수,여성향수,시크릿 가든 100ml,"430,000원", 
러쉬,향수,여성향수,시킴 걸스 100ml,"170,000원", 
러쉬,향수,여성향수,시킴 걸스 30ml,"85,000원", 
러쉬,향수,여성향수,시킴 걸스 솔리드 퍼퓸,"20,000원", 
러쉬,향수,여성향수,시킴 걸스 워시 카드,"4,000원", 
러쉬,헤어 케어,샴푸,신시아 실비아 스타우트 100g/250g/500g,"15,000원", 
러쉬,입욕제,입욕제,실버 라이닝 (에브리 클라우드 해즈 원),"18,000원", 
러쉬,바디 케어,바디 보습제,실키 언더웨어,"18,000원", 
러쉬,바디 케어,바디 보습제,심파시 포 더 스킨,"40,000원", 
러쉬,입욕제,입욕제,써니사이드,"19,000원", 
러쉬,향수,여성향수,썬 100ml,"90,000원", 
러쉬,향수,여성향수,썬 30ml,"45,000원", 
러쉬,향수,여성향수,썬 솔리드 퍼퓸,"20,000원", 
러쉬,향수,여성향수,썬 워시 카드,"4,000원", 
러쉬,바디 케어,바디케어용 때비누,씨 베지터블,"10,000원", 
러쉬,바디 케어,바디 클렌져,씨 베지터블,"10,000원", 
러쉬,헤어 케어,헤어에센스,씨 스프레이,"32,000원", 
러쉬,헤어 케어,샴푸,씨닉,"18,000원", 
러쉬,헤어 케어,린스,아메리칸 크림,"22,000원", 
러쉬,향수,여성향수,아메리칸 크림 100ml,"130,000원", 
러쉬,바디 케어,바디케어용 때비누,아메리칸 크림 110g/270g/550g,"19,000원", 
러쉬,바디 케어,바디 클렌져,아메리칸 크림 110g/270g/550g,"19,000원", 
러쉬,향수,여성향수,아메리칸 크림 30ml,"65,000원", 
러쉬,향수,여성향수,아메리칸 크림 솔리드 퍼퓸,"20,000원", 
러쉬,향수,여성향수,아메리칸 크림 워시 카드,"4,000원", 
러쉬,입욕제,입욕제,아보배쓰,"12,000원", 
러쉬,헤어 케어,헤어에센스,아보카도 코-워시,"25,000원", 
러쉬,입욕제,입욕제,아브라카다브라 버블 스틱,"12,000원", 
러쉬,바디 케어,바디케어용 때비누,아웃백 메이트,"11,000원", 
러쉬,바디 케어,바디 클렌져,아웃백 메이트,"11,000원", 
러쉬,색조 메이크업 아이,색조 메이크업 마스카라,아이즈 라이트,"36,000원", 
러쉬,향수,여성향수,아이콘 100ml,"280,000원", 
러쉬,바디 케어,바디 클렌져,아쿠아 마리나 100g/250g,"22,000원", 
러쉬,클렌징 용품,클렌징 크림,아쿠아 마리나 100g/250g,"22,000원", 
러쉬,입욕제,입욕제,아호이 버블 보틀,"23,000원", 
러쉬,입욕제,입욕제,애플 크럼블 버블룬,"19,000원", 
러쉬,입욕제,입욕제,어 프렌치 키스,"16,000원", 
러쉬,바디 케어,바디 클렌져,엔젤스 온 배어 스킨 100g/250g,"22,000원", 
러쉬,클렌징 용품,클렌징 크림,엔젤스 온 배어 스킨 100g/250g,"22,000원", 
러쉬,클렌징 용품,클렌징 크림,엔지미온,"50,000원", 
러쉬,입욕제,입욕제,엘시 더 지라프 (유어 헤빙 어 배쓰),"16,000원", 
러쉬,기초 화장품,기초 화장용 스킨,오 로마 워터 100g/250g,"14,000원", 
러쉬,바디 케어,바디케어용 때비누,오션 솔트 셀프-프리저빙 120g/250g,"27,000원", 
러쉬,바디 케어,바디 클렌져,오션 솔트 셀프-프리저빙 120g/250g,"27,000원", 
러쉬,바디 케어,바디 스크럽,오션 솔트 셀프-프리저빙 120g/250g,"27,000원", 
러쉬,스킨 케어,스크럽/필링크림,오션 솔트 셀프-프리저빙 120g/250g,"27,000원", 
러쉬,바디 케어,바디케어용 때비누,오티 크리미 드리미 225g,"40,000원", 
러쉬,바디 케어,바디 클렌져,오티 크리미 드리미 225g,"40,000원", 
러쉬,스킨 케어,스킨케어 마스크팩,오티픽스,"25,000원", 
러쉬,바디 케어,바디케어용 때비누,올리브 트리,"22,000원", 
러쉬,바디 케어,바디 클렌져,올리브 트리,"22,000원", 
러쉬,헤어 케어,샴푸,와사비 샨 쿠이 110g/300g/600g,"25,000원", 
러쉬,향수,여성향수,왓 우드 러브 두? 100ml,"90,000원", 
러쉬,향수,여성향수,왓 우드 러브 두? 30ml,"45,000원", 
러쉬,향수,여성향수,왓 우드 러브 두? 솔리드 퍼퓸,"20,000원", 
러쉬,향수,여성향수,왓 우드 러브 두? 워시 카드,"4,000원", 
러쉬,색조 메이크업 아이,색조 메이크업 아이라이너,용기,"35,000원", 
러쉬,입욕제,입욕제,울트라바이올렛,"20,000원", 
러쉬,클렌징 용품,클렌징 크림,울트라플랜트,"33,000원", 
러쉬,입욕제,입욕제,워리 몬스터,"18,000원", 
러쉬,바디 케어,바디 보습제,위키 매직 머슬즈,"19,000원", 
러쉬,메이크업 도구,메이크업 브러쉬,윙 잇,"30,000원", 
러쉬,베이스 메이크업 제품,베이스 메이크업용 가루파우더,이모셔널 브릴리언스,"28,000원", 
러쉬,향수,여성향수,이모젠 로즈 100ml,"280,000원", 
러쉬,바디 케어,바디 보습제,이치 피치,"19,000원", 
러쉬,입욕제,입욕제,이클 베이비 봇,"6,000원", 
러쉬,입욕제,입욕제,이클립스,"16,000원", 
러쉬,입욕제,입욕제,인터갈락틱,"17,000원", 
러쉬,클렌징 용품,클렌징 크림,임페리얼리스,"49,000원", 
러쉬,헤어 케어,샴푸,점핑 주니퍼,"18,000원", 
러쉬,향수,여성향수,정크 100ml,"110,000원", 
러쉬,향수,여성향수,정크 30ml,"55,000원", 
러쉬,향수,여성향수,정크 솔리드 퍼퓸,"20,000원", 
러쉬,헤어 케어,샴푸,제이슨 앤 더 아르간 오일,"18,000원", 
러쉬,향수,여성향수,진저 100ml,"150,000원", 
러쉬,향수,여성향수,진저 30ml,"75,000원", 
러쉬,향수,여성향수,진저 워시 카드,"4,000원", 
러쉬,바디 케어,바디 보습제,채러티 팟 45g/240g,"10,000원", 
러쉬,바디 케어,바디 보습제,채러티 팟 코인 - 동물권리,"3,000원", 
러쉬,바디 케어,바디 보습제,채러티 팟 코인 - 인권,"3,000원", 
러쉬,바디 케어,바디 보습제,채러티 팟 코인 - 환경,"3,000원", 
러쉬,입욕제,입욕제,체리드웬즈 콜드론,"18,000원", 
러쉬,향수,여성향수,카다멈 커피 100ml,"330,000원", 
러쉬,바디 케어,바디케어용 때비누,카마,"13,000원", 
러쉬,바디 케어,바디 클렌져,카마,"13,000원", 
러쉬,향수,여성향수,카마 100ml,"150,000원", 
러쉬,향수,여성향수,카마 30ml,"75,000원", 
러쉬,향수,여성향수,카마 솔리드 퍼퓸,"20,000원", 
러쉬,향수,여성향수,카마 워시 카드,"4,000원", 
러쉬,입욕제,입욕제,카마 퍼퓸 버블 보틀,"35,000원", 
러쉬,클렌징 용품,클렌징 크림,카타스트로피 코스메틱,"25,000원", 
러쉬,향수,여성향수,칵테일 100ml,"190,000원", 
러쉬,입욕제,입욕제,칵테일 퍼퓸 버블 보틀,"35,000원", 
러쉬,클렌징 용품,클렌징 크림,칼라마주,"21,000원", 
러쉬,입욕제,입욕제,캐슬 인 더 클라우즈,"18,000원", 
러쉬,향수,여성향수,커브사이드 바이올렛 100ml,"220,000원", 
러쉬,향수,여성향수,컨페티 100ml,"170,000원", 
러쉬,향수,여성향수,컨페티 30ml,"85,000원", 
러쉬,바디 케어,바디케어용 때비누,컴포트 존,"8,000원", 
러쉬,바디 케어,바디 클렌져,컴포트 존,"8,000원", 
러쉬,스킨 케어,스킨케어 마스크팩,컵 오 커피 130g/325g,"18,000원", 
러쉬,클렌징 용품,화장 비누,콜페이스,"18,000원", 
러쉬,바디 케어,바디케어용 때비누,콩가 100g/240g,"15,000원", 
러쉬,바디 케어,바디 클렌져,콩가 100g/240g,"15,000원", 
러쉬,입욕제,입욕제,크레용 버블 스틱,"12,000원", 
러쉬,입욕제,입욕제,크리미 캔디,"12,000원", 
러쉬,색조 메이크업 립,색조 메이크업 립밤,키 라임 파이,"17,000원", 
러쉬,색조 메이크업 립,색조 메이크업 립스틱,키갈리,"25,000원", 
러쉬,색조 메이크업 립,색조 메이크업 립스틱,킨샤사,"25,000원", 
러쉬,입욕제,입욕제,킵 잇 플러피 퍼퓸 버블 보틀,"23,000원", 
러쉬,향수,여성향수,탱크 배틀 100ml,"170,000원", 
러쉬,입욕제,입욕제,터메릭 라떼,"19,000원", 
러쉬,바디 케어,바디 보습제,테라피¿,"19,000원", 
러쉬,입욕제,입욕제,템플 오브 더 스카이,"18,000원", 
러쉬,향수,여성향수,투 모어 하츠 100ml,"190,000원", 
러쉬,입욕제,입욕제,트와일라잇,"15,000원", 
러쉬,향수,여성향수,트와일라잇,"50,000원", 
러쉬,바디 케어,바디케어용 때비누,트와일라잇 100g/240g,"15,000원", 
러쉬,바디 케어,바디 클렌져,트와일라잇 100g/240g,"15,000원", 
러쉬,입욕제,입욕제,트와일라잇 버블 바,"19,000원", 
러쉬,클렌징 용품,클렌징 크림,티 토탈러,"19,000원", 
러쉬,기초 화장품,기초 화장용 스킨,티 트리 워터 100g/250g,"14,000원", 
러쉬,풋 제품,풋워시/스크럽,티 포 토즈,"15,000원", 
러쉬,입욕제,입욕제,티스티 토스티,"15,000원", 
러쉬,바디 케어,바디케어용 때비누,팅글,"34,000원", 
러쉬,바디 케어,바디 클렌져,팅글,"34,000원", 
러쉬,바디 케어,바디 보습제,팅글,"34,000원", 
러쉬,바디 케어,바디케어용 때비누,팅글 225g,"45,000원", 
러쉬,바디 케어,바디 클렌져,팅글 225g,"45,000원", 
러쉬,바디 케어,바디 보습제,팅글 225g,"45,000원", 
러쉬,헤어 케어,린스,파워 95g/215g/450g,"34,000원", 
러쉬,향수,여성향수,판타뷸로사 100ml,"190,000원", 
러쉬,입욕제,입욕제,팝 인더 배쓰,"16,000원", 
러쉬,향수,여성향수,팬지 100ml,"110,000원", 
러쉬,향수,여성향수,팬지 30ml,"55,000원", 
러쉬,향수,여성향수,팬지 솔리드 퍼퓸,"20,000원", 
러쉬,향수,여성향수,팬지 워시 카드,"4,000원", 
러쉬,풋 제품,풋워시/스크럽,퍼미스 파워,"9,000원", 
러쉬,향수,여성향수,퍼즈 100ml,"170,000원", 
러쉬,메이크업 도구,메이크업 브러쉬,퍼커,"45,000원", 
러쉬,입욕제,입욕제,퍼피 러브,"18,000원", 
러쉬,바디 케어,바디 보습제,펄,"19,000원", 
러쉬,클렌징 용품,클렌징 크림,풀 오브 그레이스,"21,000원", 
러쉬,향수,여성향수,프랑지파니 30ml,"85,000원", 
러쉬,클렌징 용품,화장 비누,프레쉬 파머시,"18,000원", 
러쉬,메이크업 도구,메이크업 브러쉬,프레쉬 페이스드,"55,000원", 
러쉬,입욕제,입욕제,프로즌,"16,000원", 
러쉬,향수,여성향수,프린세스 코튼그래스 100ml,"280,000원", 
러쉬,향수,여성향수,플라워스 배로우 100ml,"220,000원", 
러쉬,향수,여성향수,플럼 레인,"60,000원", 
러쉬,메이크업 도구,메이크업 브러쉬,피플 파우더,"95,000원", 
러쉬,바디 케어,바디케어용 때비누,픽스 앤 리브즈,"11,000원", 
러쉬,바디 케어,바디 클렌져,픽스 앤 리브즈,"11,000원", 
러쉬,입욕제,입욕제,픽스 인 허니,"22,000원", 
러쉬,색조 메이크업 기타,색조 메이크업 쉐딩/하이라이터,필링 영거,"26,000원", 
러쉬,바디 케어,바디 보습제,핫티,"19,000원", 
러쉬,헤어 케어,린스,해피 해피 조이 조이 100g/250g/500g,"29,000원", 
러쉬,바디 케어,바디케어용 때비누,해피 히피 100g/250g/500g,"16,000원", 
러쉬,바디 케어,바디 클렌져,해피 히피 100g/250g/500g,"16,000원", 
러쉬,바디 케어,바디 보습제,핸디 구루구,"22,000원", 
러쉬,바디 케어,바디 클렌져,허벌리즘 100g/250g,"22,000원", 
러쉬,클렌징 용품,클렌징 크림,허벌리즘 100g/250g,"22,000원", 
러쉬,향수,여성향수,헤어드레서스 허즈밴드 100ml,"280,000원", 
러쉬,색조 메이크업 아이,색조 메이크업 아이라이너,환상,"35,000원", 
아로마티카,헤어 케어,샴푸,B5+비오틴 포티파잉 샴푸 400ml,"18,000원","10,800원"
아로마티카,헤어 케어,샴푸,B5+비오틴 포티파잉 샴푸 리필 500ml,"18,000원","10,800원"
아로마티카,헤어 케어,린스,B5+비오틴 포티파잉 컨디셔너 400ml,"16,000원","9,600원"
아로마티카,기초 화장품,기초 화장용 오일/앰플,내추럴 코코넛 클렌징 오일,"33,000원","19,800원"
아로마티카,바디 케어,바디케어용 청 결제,단델리온 페미닌 젤 250ml,"18,000원","10,800원"
아로마티카,바디 케어,바디케어용 청 결제,단델리온 페미닌 젤 250ml,"18,000원","10,800원"
아로마티카,바디 케어,바디케어용 청 결제,단델리온 페미닌 젤 30ml,"3,000원", 
아로마티카,바디 케어,바디케어용 청 결제,단델리온 페미닌 젤 30ml,"3,000원", 
아로마티카,바디 케어,바디케어용 청 결제,단델리온 페미닌 젤 리필 500ml,"27,000원","16,200원"
아로마티카,헤어 케어,트리트먼트,로즈마리 3-in-1 트리트먼트,"16,000원","9,600원"
아로마티카,헤어 케어,헤어에센스,로즈마리 루트 인핸서,"13,000원","7,800원"
아로마티카,헤어 케어,헤어에센스,로즈마리 루트 인핸서 리필 300ml,"30,000원","18,000원"
아로마티카,헤어 케어,헤어에센스,로즈마리 스칼프 부스팅 세럼 10% AHA + 0.25% BHA + 0.1% PHA 50ml,"26,000원","15,600원"
아로마티카,헤어 케어,샴푸,로즈마리 스칼프 스케일링 샴푸 1000ml,"40,000원","24,000원"
아로마티카,헤어 케어,샴푸,로즈마리 스칼프 스케일링 샴푸 180ml,"12,000원","7,200원"
아로마티카,헤어 케어,샴푸,로즈마리 스칼프 스케일링 샴푸 400ml,"20,000원","12,000원"
아로마티카,헤어 케어,샴푸,로즈마리 스칼프 스케일링 샴푸 리필 500ml,"22,000원","13,200원"
아로마티카,헤어 케어,샴푸,로즈마리 스칼프 스케일링 샴푸 바,"15,000원","9,000원"
아로마티카,헤어 케어,샴푸,로즈마리 액티브브이 안티헤어로스 샴푸 400ml,"28,000원","16,800원"
아로마티카,헤어 케어,샴푸,로즈마리 액티브브이 안티헤어로스 샴푸 리필 500ml,"28,000원","16,800원"
아로마티카,헤어 케어,헤어에센스,로즈마리 액티브브이 안티헤어로스 토닉,"22,000원","13,200원"
아로마티카,헤어 케어,린스,로즈마리 헤어 씨크닝 컨디셔너 400ml,"18,000원","10,800원"
아로마티카,헤어 케어,린스,로즈마리 헤어 씨크닝 컨디셔너 리필 500ml,"18,000원","10,800원"
아로마티카,헤어 케어,린스,로즈마리 헤어 씨크닝 컨디셔너 바,"15,000원","9,000원"
아로마티카,기초 화장품,기초 화장용 에센스,리바이빙 로즈 인퓨전 세럼,"35,000원","21,000원"
아로마티카,기초 화장품,기초 화장용 크림,리바이빙 로즈 인퓨전 크림,"45,000원","27,000원"
아로마티카,클렌징 용품,클렌징 폼,리바이빙 로즈 인퓨전 크림 클렌저,"20,000원","12,000원"
아로마티카,기초 화장품,기초 화장용 스킨,리바이빙 로즈 인퓨전 트리트먼트 토너,"35,000원","21,000원"
아로마티카,기능성 화장품,기능성 화장품 세트,리바이빙 로즈 트라이얼 세트(세럼 100ml+크림 20ml),"37,000원","22,200원"
아로마티카,핸드 제품,핸드크림,마지팬 핸드밤 비터아몬드 & 바닐라,"21,000원","12,600원"
아로마티카,기초 화장품,기초 화장용 스킨,바이탈라이징 로즈마리 디콕션 토너,"20,000원","12,000원"
아로마티카,기초 화장품,기초 화장용 스킨,바이탈라이징 로즈마리 디콕션 토너 리필 300ml,"18,000원","10,800원"
아로마티카,기초 화장품,기초 화장용 크림,바이탈라이징 로즈마리 올인원 로션 300ml,"22,000원","13,200원"
아로마티카,바디 케어,바디 보습제,바이탈라이징 로즈마리 올인원 로션 300ml,"22,000원","13,200원"
아로마티카,기초 화장품,기초 화장용 크림,바이탈라이징 로즈마리 올인원 로션 리필 500ml,"28,000원","16,800원"
아로마티카,바디 케어,바디 보습제,바이탈라이징 로즈마리 올인원 로션 리필 500ml,"28,000원","16,800원"
아로마티카,클렌징 용품,클렌징 워터/젤,바이탈라이징 로즈마리 올인원 워시,"18,000원","10,800원"
아로마티카,바디 케어,바디 클렌져,바이탈라이징 로즈마리 올인원 워시,"18,000원","10,800원"
아로마티카,클렌징 용품,클렌징 워터/젤,바이탈라이징 로즈마리 올인원 워시 리필 500ml,"22,000원","13,200원"
아로마티카,바디 케어,바디 클렌져,바이탈라이징 로즈마리 올인원 워시 리필 500ml,"22,000원","13,200원"
아로마티카,기초 화장품,기초 화장용 에센스,바이탈라이징 로즈마리 컨센트레이티드 에센스,"28,000원","16,800원"
아로마티카,바디 케어,바디 보습제,블라써밍 바디로션 네롤리 & 자스민,"25,000원","15,000원"
아로마티카,핸드 제품,핸드크림,블라써밍 핸드크림 네롤리 & 자스민,"18,000원","10,800원"
아로마티카,헤어 케어,샴푸,사이프러스 딥 클렌징 샴푸 400ml,"20,000원","12,000원"
아로마티카,헤어 케어,샴푸,사이프러스 딥 클렌징 샴푸 리필 500ml,"20,000원","12,000원"
아로마티카,바디 케어,바디 보습제,서렌 바디로션 라벤더 & 마조람,"22,000원", 
아로마티카,바디 케어,바디 보습제,서렌 바디오일 라벤더 & 마조람,"16,000원","9,600원"
아로마티카,바디 케어,바디 클렌져,서렌 바디워시 라벤더 & 마조람 300ml,"22,000원","13,200원"
아로마티카,바디 케어,바디 클렌져,서렌 바디워시 라벤더 & 마조람 리필 500ml,"28,000원","16,800원"
아로마티카,바디 케어,바디 보습제,서큘레이팅 바디오일 주니퍼베리 & 진저,"16,000원","9,600원"
아로마티카,선 제품,선크림,수딩 알로에 미네랄 선스크린 SPF50+/PA++++,"22,000원","13,200원"
아로마티카,기초 화장품,기초 화장용 스킨,수딩 알로에 베라 젤 180ml,"7,000원","4,200원"
아로마티카,기초 화장품,기초 화장용 스킨,수딩 알로에 베라 젤 500ml,"16,000원","9,600원"
아로마티카,기초 화장품,기초 화장용 스킨,수딩 알로에 베라 젤 50ml,"3,000원", 
아로마티카,기초 화장품,기초 화장용 스킨,수딩 알로에 베라 젤 리필 500ml,"15,000원","9,000원"
아로마티카,기초 화장품,기초 화장용 크림,수딩 알로에 아쿠아 크림,"16,000원","9,600원"
아로마티카,기능성 화장품,기능성 화장품 세트,스킨케어 베스트 트리오 세트,"59,000원","35,400원"
아로마티카,기초 화장품,기초 화장용 스킨,시카 카밍 젤,"10,000원","6,000원"
아로마티카,헤어 케어,샴푸,아로마티카 샴푸 베스트 컬렉션,"18,000원","10,800원"
아로마티카,헤어 케어,샴푸,아로마티카 에이콜로지 브랜드 북 세트,"28,000원","16,800원"
아로마티카,기초 화장품,기초 화장용 에센스,알로에 하이펙티브 세럼40% Hyaluronic sol. + 1% B5,"27,000원","16,200원"
아로마티카,기초 화장품,기초 화장용 크림,알로에 하이펙티브 크림5% Hyaluronic sol. + 5% Collagen sol.,"26,000원","15,600원"
아로마티카,클렌징 용품,클렌징 폼,알로에 하이펙티브 클렌저5% Hyaluronic sol.+ 0.1% Enzyme,"16,000원","9,600원"
아로마티카,기초 화장품,기초 화장용 스킨,알로에 하이펙티브 토너5% Hyaluronic sol. + 2% PHA,"19,000원","11,400원"
아로마티카,바디 케어,바디 보습제,어웨이크닝 바디오일 페퍼민트 & 유칼립투스,"19,000원","11,400원"
아로마티카,핸드 제품,핸드워시/스크럽,에너진저 핸드워시 진저 & 그레이프 프룻 리필 500ml,"22,000원","13,200원"
아로마티카,핸드 제품,핸드워시/스크럽,에너진저 핸드워시 진저 & 그레이프프룻 300ml,"18,000원","10,800원"
아로마티카,핸드 제품,핸드워시/스크럽,에너진저 핸드워시 진저 & 그레이프프룻 30ml,"3,000원", 
아로마티카,클렌징 용품,클렌징 크림,오렌지 클렌징 샤베트,"30,000원","18,000원"
아로마티카,기초 화장품,기초 화장용 오일/앰플,유기농 골든 호호바 오일,"25,000원","15,000원"
아로마티카,기초 화장품,기초 화장용 오일/앰플,유기농 네롤리 브라이트닝 페이셜 오일,"25,000원","15,000원"
아로마티카,기초 화장품,기초 화장용 오일/앰플,유기농 로즈힙 오일,"25,000원","15,000원"
아로마티카,바디 케어,바디 보습제,임브레이스 바디오일 네롤리 & 패츌리,"19,000원","11,400원"
아로마티카,기초 화장품,기초 화장용 크림,카카두 유스 글로우 비타 크림1% Hemisqualane + 1% Collagen sol.,"32,000원","19,200원"
아로마티카,기초 화장품,기초 화장용 에센스,카카두 유스 글로우 비타 필 10% AHA + 0.5% BHA,"29,000원","17,400원"
아로마티카,색조 메이크업 립,색조 메이크업 립스틱,컨셔스 비건 립 컬러 비터체리,"20,000원","12,000원"
아로마티카,색조 메이크업 립,색조 메이크업 립스틱,컨셔스 비건 립 컬러 애프리콧,"20,000원","12,000원"
아로마티카,색조 메이크업 립,색조 메이크업 립스틱,컨셔스 비건 립 컬러 엘더베리,"20,000원","12,000원"
아로마티카,기능성 화장품,기능성 영양보습 화장품,컴포팅 칼렌듈라 디콕션 밤,"12,000원","7,200원"
아로마티카,기초 화장품,기초 화장용 크림,컴포팅 칼렌듈라 디콕션 인텐시브 크림,"26,000원","15,600원"
아로마티카,기초 화장품,기초 화장용 크림,컴포팅 칼렌듈라 디콕션 쥬시크림,"28,000원","16,800원"
아로마티카,클렌징 용품,클렌징 폼,컴포팅 칼렌듈라 디콕션 클렌징 무스,"22,000원","13,200원"
아로마티카,클렌징 용품,클렌징 폼,컴포팅 칼렌듈라 디콕션 클렌징 무스 리필 300ml,"29,000원","17,400원"
아로마티카,헤어 케어,샴푸,퀴노아 프로틴 샴푸 400ml,"18,000원","10,800원"
아로마티카,헤어 케어,샴푸,퀴노아 프로틴 샴푸 리필 500ml,"18,000원","10,800원"
아로마티카,헤어 케어,트리트먼트,퀴노아 프로틴 트리트먼트 마스크,"16,000원","9,600원"
아로마티카,헤어 케어,헤어에센스,퀴노아 프로틴 헤어 앰플,"17,000원","10,200원"
아로마티카,헤어 케어,헤어에센스,퀴노아 프로틴 헤어 프라이머 130ml,"16,000원","9,600원"
아로마티카,기능성 화장품,기능성 영양보습 화장품,티트리 53 블레미쉬 스팟,"13,000원","7,800원"
아로마티카,기초 화장품,기초 화장용 오일/앰플,티트리 그린 오일,"25,000원","15,000원"
아로마티카,기초 화장품,기초 화장용 크림,티트리 밸런싱 에멀전,"29,000원","17,400원"
아로마티카,클렌징 용품,클렌징 폼,티트리 밸런싱 클렌징 바,"15,000원","9,000원"
아로마티카,바디 케어,바디 클렌져,티트리 밸런싱 클렌징 바,"15,000원","9,000원"
아로마티카,기초 화장품,기초 화장용 스킨,티트리 밸런싱 토너,"27,000원","16,200원"
아로마티카,기초 화장품,기초 화장용 스킨,티트리 밸런싱 토너 리필 300ml,"30,000원","18,000원"
아로마티카,클렌징 용품,클렌징 폼,티트리 밸런싱 포밍 클렌저,"18,000원","10,800원"
아로마티카,기초 화장품,기초 화장용 스킨,티트리 카밍 젤 300ml,"10,000원","6,000원"
아로마티카,기초 화장품,기초 화장용 스킨,티트리 카밍 젤 50ml,"3,000원", 
아로마티카,기초 화장품,기초 화장용 에센스,티트리 포어 퓨리파잉 세럼10% Niacinamide + 1% Zinc PCA,"29,000원","17,400원"
아로마티카,기초 화장품,기초 화장용 크림,티트리 포어 퓨리파잉 젤크림5% Niacinamide + 0.1% PHA,"32,000원","19,200원"
아로마티카,클렌징 용품,클렌징 워터/젤,티트리 포어 퓨리파잉 클렌징 워터 리필1% 나이아신아마이드+0.5% BHA 300ml,"20,000원","12,000원"
아로마티카,클렌징 용품,클렌징 워터/젤,티트리 포어 퓨리파잉 클렌징 워터1% 나이아신아마이드+0.5% BHA,"22,000원","13,200원"
아로마티카,헤어 케어,샴푸,티트리 퓨리파잉 샴푸 1000ml,"40,000원","24,000원"
아로마티카,헤어 케어,샴푸,티트리 퓨리파잉 샴푸 180ml,"12,000원","7,200원"
아로마티카,헤어 케어,샴푸,티트리 퓨리파잉 샴푸 400ml,"20,000원","12,000원"
아로마티카,헤어 케어,샴푸,티트리 퓨리파잉 샴푸 리필 500ml,"22,000원","13,200원"
아로마티카,헤어 케어,헤어에센스,티트리 퓨리파잉 토닉,"13,000원","7,800원"
아로마티카,헤어 케어,헤어에센스,티트리 퓨리파잉 토닉 리필 300ml,"30,000원","18,000원"
아로마티카,바디 케어,바디케어용 청 결제,퓨어 앤 소프트 여성청결제 300ml,"22,000원","13,200원"
아로마티카,바디 케어,바디케어용 청 결제,퓨어 앤 소프트 여성청결제 300ml,"22,000원","13,200원"
아로마티카,바디 케어,바디케어용 청 결제,퓨어 앤 소프트 여성청결제 리필 500ml,"33,000원","19,800원"
아로마티카,기능성 화장품,기능성 영양보습 화장품,홀리스틱 레미디 어노인팅 (동방박사) 밤,"16,000원","9,600원"
오엠,클렌징 용품,클렌징 로션,[이효리클렌징]세이지 마사지 클린징 밀크 250ml,"80,000원", 
오엠,클렌징 용품,클렌징 크림,[이효리클렌징]세이지 마사지 클린징 밀크 250ml,"80,000원", 
오엠,클렌징 용품,화장 비누,트루 라벤더 솝 80g,"25,000원", 
오엠,클렌징 용품,화장 비누,로즈 솝 80g,"25,000원", 
오엠,클렌징 용품,화장 비누,캐모마일 솝 80g,"25,000원", 
오엠,기초 화장품,기초 화장용 스킨,부처브룸 토너 아스트린젠트 200ml,"60,000원", 
오엠,기초 화장품,기초 화장용 오일/앰플,리포솜 럭스 앰플 30ml,"108,000원", 
오엠,기초 화장품,기초 화장용 에센스,리포솜 럭스 에센스 100ml,"68,000원", 
오엠,기초 화장품,기초 화장용 오일/앰플,리포솜 럭스 앰플 & 에센스,"176,000원","158,400원"
오엠,기초 화장품,기초 화장용 에센스,리포솜 럭스 앰플 & 에센스,"176,000원","158,400원"
오엠,기초 화장품,기초 화장용 오일/앰플,보라지 페이스 오일 10ml,"78,000원", 
오엠,기초 화장품,기초 화장용 오일/앰플,페이스 토닉 오일 10ml,"78,000원", 
오엠,기초 화장품,기초 화장용 에센스,엘리지리아 세럼 30ml,"198,000원", 
오엠,기초 화장품,기초 화장용 에센스,칼렌둘라 브라이트닝 세럼 30ml,"115,000원", 
오엠,기능성 화장품,기능성 영양보습 화장품,라벤더 하이드레이팅 크림 50ml,"110,000원", 
오엠,기능성 화장품,기능성 영양보습 화장품,미울리바 널싱 나이트 크림 50ml,"149,000원", 
오엠,기능성 화장품,기능성 영양보습 화장품,미울리바 하이드레이팅 크림 50ml,"130,000원", 
오엠,기능성 화장품,기능성 영양보습 화장품,엘리지리아 크림 50ml,"240,000원", 
오엠,기능성 화장품,기능성 아이케어 화장품,미울리바 아이크림 30ml,"110,000원", 
오엠,기능성 화장품,기능성 모공관리 화장품,[멀티밤] 페이스 토닉 밤 30ml,"139,000원", 
오엠,핸드 제품,핸드크림,이모르뗄 핸드 크림 30ml,"39,000원", 
오엠,핸드 제품,핸드크림,[NEW]타임 뉴트리션 핸드 크림 30ml,"16,000원", 
오엠,핸드 제품,핸드크림,[핸드세럼]타임 모이스처라이징 세럼 30ml,"16,000원", 
오엠,바디 케어,바디 보습제,히드로플루이드 로션,"36,000원", 
오엠,바디 케어,바디 보습제,[재입고][NEW]임팩트 오일,"44,000원", 
오엠,바디 케어,바디 보습제,[재입고][NEW]릴렉스 바디 오일,"34,000원", 
오엠,바디 케어,바디 보습제,[재입고][NEW]토닉 바디 오일,"34,000원", 
오엠,바디 케어,바디 보습제,[재입고][NEW]바디 오일,"30,000원", 
오엠,바디 케어,바디 클렌져,퍼퓸드 배스 밀크,"63,000원", 
오엠,헤어 케어,샴푸,트리 라벤더 샴푸,"63,000원", 
오엠,입욕제,입욕제,라벤더 릴렉싱 배스 오일 200ml,"99,000원", 
오엠,입욕제,입욕제,로즈마리 토닉 배스 오일 200ml,"99,000원", 
오엠,입욕제,입욕제,배스 오일 솔트 - 발사믹 300g/20ml,"75,000원", 
오엠,입욕제,입욕제,배스 오일 솔트 - 라벤더 300g/20ml,"75,000원", 
오엠,입욕제,입욕제,배스 오일 솔트 - 몬타우토 300g/20ml,"75,000원", 
오엠,입욕제,입욕제,배스 오일 솔트 - 릴렉싱 300g/20ml,"75,000원", 
이든 미네랄,베이스 메이크업 제품,베이스 메이크업용 프라이머,아이리스 페이스 프라이머,"42,000원", 
이든 미네랄,베이스 메이크업 제품,베이스 메이크업용 파운데이션,롱웨어 리퀴드 파운데이션 노르딕 베일,"48,000원", 
이든 미네랄,베이스 메이크업 제품,베이스 메이크업용 파운데이션,모이스처 리퀴드 파운데이션 노르스켄,"48,000원", 
이든 미네랄,베이스 메이크업 제품,베이스 메이크업용 파운데이션,파우더 파운데이션,"48,000원", 
이든 미네랄,색조 메이크업 기타,색조 메이크업 볼터치,미네랄 블러셔 & 브러쉬 세트,"66,000원","52,800원"
이든 미네랄,색조 메이크업 기타,색조 메이크업 볼터치,미네랄 블러셔 아케바,"42,000원", 
이든 미네랄,색조 메이크업 기타,색조 메이크업 볼터치,미네랄 블러셔 할론,"42,000원", 
이든 미네랄,색조 메이크업 기타,색조 메이크업 볼터치,미네랄 블러셔 트란바,"42,000원", 
이든 미네랄,색조 메이크업 기타,색조 메이크업 볼터치,미네랄 블러셔 하브톤,"42,000원", 
이든 미네랄,색조 메이크업 기타,색조 메이크업 쉐딩/하이라이터,미네랄 브론저 & 브러쉬 세트,"66,000원","52,800원"
이든 미네랄,색조 메이크업 기타,색조 메이크업 쉐딩/하이라이터,미네랄 브론저,"42,000원", 
이든 미네랄,베이스 메이크업 제품,베이스 메이크업용 가루파우더,파우더 파운데이션 & 브러쉬 세트,"82,000원","65,600원"
이든 미네랄,베이스 메이크업 제품,베이스 메이크업용 가루파우더,프레스드 파우더 튜바,"38,000원", 
이든 미네랄,색조 메이크업 아이,색조 메이크업 마스카라,마그나 렝쓰닝 마스카라,"36,000원", 
이든 미네랄,색조 메이크업 아이,색조 메이크업 마스카라,마그나 볼륨 마스카라,"36,000원", 
이든 미네랄,색조 메이크업 아이,색조 메이크업 아이섀도우,아이섀도우 팔레트,"42,000원", 
이든 미네랄,색조 메이크업 아이,색조 메이크업 아이섀도우,아이섀도우 싱글,"22,000원", 
이든 미네랄,메이크업 도구,메이크업 브러쉬,리퀴드 파운데이션 브러쉬,"36,000원", 
이든 미네랄,메이크업 도구,메이크업 브러쉬,라지 파우더 브러쉬,"38,000원", 
이든 미네랄,메이크업 도구,메이크업 브러쉬,블러셔 & 브론저 브러쉬,"24,000원", 
이든 미네랄,메이크업 도구,메이크업 브러쉬,휴대용 가부키 브러쉬,"34,000원", 
이든 미네랄,메이크업 도구,메이크업 브러쉬,가부키 브러쉬,"34,000원", 
이든 미네랄,메이크업 도구,메이크업 브러쉬,프리시젼 아이섀도우 브러쉬,"18,000원", 
이든 미네랄,메이크업 도구,메이크업 브러쉬,앵글드 블렌딩 브러쉬,"18,000원", 
이든 미네랄,메이크업 도구,메이크업 브러쉬,아이섀도우 브러쉬,"18,000원", 
이든 미네랄,클렌징 용품,클렌징 로션,페이스 & 아이 미네랄 클렌징 로션,"34,000원", 
클레어스,클렌징 용품,클렌징 폼,리치 모이스트 포밍 클렌저,"12,500원", 
클레어스,클렌징 용품,클렌징 오일,젠틀 블랙 프레쉬 클렌징 오일,"16,900원", 
클레어스,클렌징 용품,클렌징 오일,젠틀 블랙 딥 클렌징 오일,"14,900원", 
클레어스,클렌징 용품,클렌징 오일,GENTLE BLACK duo,"25,400원","22,800원"
클레어스,스킨 케어,스크럽/필링크림,GENTLE BLACK duo,"25,400원","22,800원"
클레어스,클렌징 용품,클렌징 오일,GENTLE BLACK BOX,"43,900원","39,500원"
클레어스,스킨 케어,스크럽/필링크림,GENTLE BLACK BOX,"43,900원","39,500원"
클레어스,스킨 케어,스크럽/필링크림,젠틀 블랙 슈거 페이셜 폴리쉬,"18,500원", 
클레어스,스킨 케어,스킨케어 마스크팩,유스풀 글로우 슈거 마스크,"21,000원", 
클레어스,바디 케어,바디케어용 때비누,서플 프레퍼레이션 바디 솝,"10,500원", 
클레어스,클렌징 용품,클렌징 폼,클렌징의 정석 set,"31,000원","27,900원"
클레어스,클렌징 용품,화장 비누,리치 모이스트 페이셜 솝,"10,500원", 
클레어스,클렌징 용품,화장 비누,젠틀 블랙 슈거 차콜 솝,"10,500원", 
클레어스,기초 화장품,기초 화장용 스킨,서플 프레퍼레이션 페이셜 토너,"12,900원", 
클레어스,기초 화장품,기초 화장용 미스트,펀더멘탈 앰플 미스트,"28,000원", 
클레어스,기초 화장품,기초 화장용 스킨,서플 프레퍼레이션 언센티드 토너,"12,900원", 
클레어스,기초 화장품,기초 화장용 스킨,유분없는 수분링거 set ,"30,400원","27,300원"
클레어스,기초 화장품,기초 화장용 스킨,데일리 스킨 하이드레이팅 워터,"26,900원", 
클레어스,기초 화장품,기초 화장용 스킨,데일리 스킨 소프닝 워터,"26,900원", 
클레어스,기초 화장품,기초 화장용 에센스,프레쉴리 쥬스드 비타민 드롭,"21,900원", 
클레어스,기초 화장품,기초 화장용 에센스,RECOVERY duo,"51,400원","46,200원"
클레어스,기초 화장품,기초 화장용 에센스,CALM NIGHT duo,"43,800원","39,400원"
클레어스,기초 화장품,기초 화장용 에센스,BASIC & BEST set,"49,900원","44,900원"
클레어스,기초 화장품,기초 화장용 에센스,펀더멘탈 워터리 오일 드롭,"31,900원", 
클레어스,기초 화장품,기초 화장용 에센스,펀더멘탈 아이 어웨이크닝 젤,"25,500원", 
클레어스,기초 화장품,기초 화장용 에센스,리치 모이스트 수딩 세럼,"17,500원", 
클레어스,기초 화장품,기초 화장용 에센스,미드나잇 블루 유스 액티베이팅 드롭,"29,500원", 
클레어스,기초 화장품,기초 화장용 크림,리치 모이스트 수딩크림 ,"19,500원", 
클레어스,기초 화장품,기초 화장용 크림,미드나잇 블루 카밍 크림 [60ml],"29,500원", 
클레어스,기초 화장품,기초 화장용 크림,미드나잇 블루 카밍 크림,"21,900원", 
클레어스,기능성 화장품,기능성 아이케어 화장품,펀더멘탈 너리싱 아이 버터,"24,500원", 
클레어스,기초 화장품,기초 화장용 로션,서플 프레퍼레이션 올오버로션,"22,900원", 
클레어스,기초 화장품,기초 화장용 크림,펀더멘탈 워터 젤 크림,"31,900원", 
클레어스,기초 화장품,기초 화장용 크림,SKIPCARE duo ,"59,900원","50,900원"
클레어스,기초 화장품,기초 화장용 크림,비타민 E 마스크 미니어쳐 15ml,"9,000원", 
클레어스,스킨 케어,스킨케어 마스크팩,프레쉴리 쥬스드 비타민E 마스크,"29,400원", 
클레어스,스킨 케어,스킨케어 시트마스크팩,리치 모이스트 수딩 텐셀 시트 마스크,"3,000원", 
클레어스,스킨 케어,스킨케어 시트마스크팩,미드나잇 블루 카밍 시트 마스크,"3,000원", 
마녀공장,선 제품,선크림,아워 비건 선크림 시카,"26,000원", 
마녀공장,스킨 케어,스킨케어 시트마스크팩,아워 비건 어성초 시카 마스크,"3,000원", 
마녀공장,클렌징 용품,클렌징 폼,아워 비건 어성초 시카 클렌징 폼,"14,000원", 
마녀공장,기초 화장품,기초 화장용 크림,아워 비건 어성초 시카 크림,"28,000원", 
마녀공장,기초 화장품,기초 화장용 에센스,아워 비건 어성초 98 시카 세럼,"20,000원", 
마녀공장,기초 화장품,기초 화장용 스킨,아워 비건 어성초 시카 토너,"24,000원", 
마녀공장,색조 메이크업 립,색조 메이크업 립밤,아워 비건 컬러 립밤 그린 핑크,"10,500원", 
마녀공장,색조 메이크업 립,색조 메이크업 립밤,아워 비건 립밤,"9,500원", 
마녀공장,스킨 케어,스크럽/필링크림,아워 비건 오곡라떼 스크럽 폼,"16,000원", 
마녀공장,선 제품,선크림,아워 비건 선플루이드 글로우,"28,000원", 
마녀공장,선 제품,선크림,아워 비건 선크림 베이직,"26,000원", 
스킨푸드,클렌징 용품,화장 비누,캐롯 카로틴 핸드메이드 솝 (100g),"12,000원", 
스킨푸드,클렌징 용품,클렌징 워터/젤,캐롯 카로틴 카밍 워터 패드 세트 (50g),"8,000원", 
스킨푸드,기초 화장품,기초 화장용 에센스,유자 씨 잡티 맑음 에센스 (150ml),"34,000원", 
스킨푸드,스킨 케어,스킨케어 마스크팩,라벤더 푸드마스크 (120g),"15,000원", 
스킨푸드,기초 화장품,기초 화장용 크림,캐롯 카로틴 릴리프 크림 (55ml),"30,000원", 
스킨푸드,클렌징 용품,클렌징 워터/젤,"캐롯 카로틴 카밍 워터 패드 (250g, 60매)","26,000원", 
허블룸,기초 화장품,기초 화장용 오일/앰플,비건 뷰티 페이스 오일 30ml,"36,000원","23,400원"
카밀,색조 메이크업 립,색조 메이크업 립밤,립밤 3종 (비건),"6,200원","4,650원"
AHC,기능성 화장품,기능성 아이케어 화장품,퓨어 레스큐 리얼 아이크림 포 페이스 (비건),"20,000원","15,000원"
수이스킨,기초 화장품,기초 화장용 오일/앰플,하얀 자작나무 수액 앰플 35ml,"24,000원","16,800원"
수이스킨,클렌징 용품,화장 비누,맑은 아보밥 비누,"16,000원","8,800원"
비브,기초 화장품,기초 화장용 에센스,차가 리바이탈라이징 세럼,"40,000원","24,000원"
온도,기초 화장품,기초 화장용 에센스,구절초 수분 진정 에센스,"42,000원","37,800원"
에이트루,클렌징 용품,클렌징 폼,오리진 퓨어 밸런싱 클렌징 폼,"11,900원","8,449원"
온도,기초 화장품,기초 화장용 오일/앰플,구절초 수분 진정 앰플 크림,"39,000원","35,100원"
닥터올가,헤어 케어,샴푸,로즈마리 민트 샴푸,"28,000원","19,600원"
잉글롯,색조 메이크업 아이,색조 메이크업 아이라이너,원 무브 리퀴드 아이라이너,"18,000원", 
잉글롯,베이스 메이크업 제품,베이스 메이크업용 가루파우더,루스 파우더 5종,"38,000원", 
베이지크,기초 화장품,기초 화장용 에센스,트리트먼트 로션 120ml,"42,000원", 
싸이닉,기초 화장품,기초 화장용 로션,더 심플 데일리 로션 260ml,"14,000원","12,880원"
이즈그린,기초 화장품,기초 화장용 크림,LHA 비건 크림,"55,000원","49,500원"
이즈그린,기초 화장품,기초 화장용 에센스,LHA 비건 에센스,"59,000원","53,000원"
이즈그린,기초 화장품,기초 화장용 스킨,LHA 비건 토너,"39,000원","35,000원"
이즈그린,기능성 화장품,기능성 화장품 세트,LHA 비건 2종 SET,"94,000원","80,000원"
이즈그린,기능성 화장품,기능성 화장품 세트,LHA 비건 3종 SET,"153,000원","122,000원"
쏘내추럴,베이스 메이크업 제품,베이스 메이크업용 BB크림,쏘 비건 카밍 비비크림,"24,000원", 
쏘내추럴,선 제품,선크림,쏘 비건 카밍 선크림,"25,000원", 
쏘내추럴,베이스 메이크업 제품,베이스 메이크업용 가루파우더,쏘 비건 카밍 스킨 파우더,"18,000원","14,400원"
쏘내추럴,스킨 케어,스킨케어 곡물팩,어글리 포테이토 마스크,"26,000원","20,800원"
쏘내추럴,스킨 케어,스크럽/필링크림,그린빈 커피 스크럽,"28,000원","22,400원"
쏘내추럴,색조 메이크업 아이,색조 메이크업 속눈썹영양제,쏘 비건 노니 아이래쉬 앰플,"16,000원","11,200원"
쏘내추럴,스킨 케어,스킨케어 시트마스크팩,쏘 비건 노니 딥 마스크,"4,000원","2,800원"
쏘내추럴,기초 화장품,기초 화장용 스킨,쏘 비건 노니 토너,"24,000원","21,600원"
쏘내추럴,기초 화장품,기초 화장용 크림,쏘 비건 노니 크림,"33,000원","29,700원"
쏘내추럴,기초 화장품,기초 화장용 오일/앰플,쏘 비건 노니 페이스 오일,"35,000원","28,000원"
쏘내추럴,기능성 화장품,기능성 화장품 세트,쏘 비건 노니 2종,"57,000원","51,300원"
쏘내추럴,스킨 케어,스킨케어 마스크팩,쏘 비건 진저 클레이 마스크,"28,000원","19,600원"
쏘내추럴,바디 케어,바디케어용 때비누,바디워시 바쓰 시카 솝,"16,000원","9,600원"
쏘내추럴,바디 케어,바디케어용 때비누,바디워시 때밀이바쓰,"15,000원","9,000원"
쏘내추럴,기초 화장품,기초 화장용 스킨,플랜트 에센스 토너,"25,000원","12,500원"
쏘내추럴,스킨 케어,스킨케어 워시오프팩,카보닉 버블 클레이 마스크,"25,000원", 
오드리앤영,스킨 케어,스킨케어 시트마스크팩,아이 라이크 레드 스위트원 세럼 마스크,"3,000원", 
오드리앤영,스킨 케어,스킨케어 시트마스크팩,아이 라이크 시카 바이옴 세럼 마스크,"3,000원", 
오드리앤영,클렌징 용품,클렌징 오일,시카 바이옴 클렌징 오일 250ml,"29,000원", 
오드리앤영,클렌징 용품,클렌징 크림,시카 바이옴 클렌징 밤 100ml,"28,000원", 
오드리앤영,기초 화장품,기초 화장용 에센스,아이 라이크 레드 스위트원 세럼 30ml,"32,000원", 
오드리앤영,기초 화장품,기초 화장용 에센스,아이 라이크 블루밍 에너지 세럼 30ml,"32,000원", 
오드리앤영,기초 화장품,기초 화장용 오일/앰플,아이 라이크 컨센트레이트 오일 30ml,"32,000원", 
오드리앤영,기초 화장품,기초 화장용 에센스,아이 라이크 시카 바이옴 세럼 30ml,"32,000원", 
오드리앤영,클렌징 용품,클렌징 폼,마이크로바이옴 클렌징 폼 120ml,"15,000원","11,250원"
오드리앤영,클렌징 용품,클렌징 워터/젤,마이크로바이옴 클렌징 워터 400ml,"22,000원","16,500원"
오드리앤영,클렌징 용품,클렌징 폼,(1+1) 버블 껌 핑크 클렌저 120ml,"12,000원", 
발롱블랑,기능성 화장품,기능성 영양보습 화장품,비건 알로에베라99 수딩젤 튜브형 200ml,"4,000원","3,600원"
키핀터치,색조 메이크업 립,색조 메이크업 립틴트,젤리 립 플럼퍼 틴트,"20,000원","9,900원"
키핀터치,색조 메이크업 아이,색조 메이크업 아이브로우,유어 브로우 세럼 타투펜 YT02 다크브라운,"15,000원","8,900원"
발롱블랑,기초 화장품,기초 화장용 크림,울트라 하이드레이팅 페이셜 수분크림(비건) 50ml,"30,000원","27,000원"
키핀터치,색조 메이크업 기타,색조 메이크업 볼터치,아이스젤리 치크 블러셔,"22,000원","9,900원"
키핀터치,색조 메이크업 아이,색조 메이크업 아이섀도우,아이스젤리 아이팔레트,"38,000원","16,900원"
키핀터치,색조 메이크업 립,색조 메이크업 립틴트,무드 엠엘비비 벨벳틴트,"19,000원","5,900원"
