"		지역번호",지역명,일시,평균일강수량(mm),최다일강수량(mm),최다강수량지점,1시간최다강수량(mm),1시간최다강수량지점일교차,,,,,,
"		0",전국,2019-12-31,0.1,10.2,울릉도,,,,,,,,
"		0",전국,2019-12-30,0.9,3.5,영덕,,,,,,,,
"		0",전국,2019-12-29,6.2,34.3,서귀포,,,,,,,,
"		0",전국,2019-12-28,0,1,백령도,,,,,,,,
"		0",전국,2019-12-27,0,5.9,울릉도,,,,,,,,
"		0",전국,2019-12-26,1.1,20.8,고산,,,,,,,,
"		0",전국,2019-12-25,0,0.9,성산,,,,,,,,
"		0",전국,2019-12-24,0,2.1,울릉도,,,,,,,,
"		0",전국,2019-12-23,0.7,11.2,울릉도,,,,,,,,
"		0",전국,2019-12-22,0.1,13.6,성산,,,,,,,,
"		0",전국,2019-12-21,0.1,2.1,인천,,,,,,,,
"		0",전국,2019-12-20,0.1,2.4,보령,,,,,,,,
"		0",전국,2019-12-19,0,7.5,울릉도,,,,,,,,
"		0",전국,2019-12-18,0.4,9.8,속초,,,,,,,,
"		0",전국,2019-12-17,2.2,16,성산,,,,,,,,
"		0",전국,2019-12-16,0,2.7,백령도,,,,,,,,
"		0",전국,2019-12-15,0,0.4,포항,,,,,,,,
"		0",전국,2019-12-14,0.4,3.7,보령,,,,,,,,
"		0",전국,2019-12-13,0.1,3.6,파주,,,,,,,,
"		0",전국,2019-12-12,0,0.4,울릉도,,,,,,,,
"		0",전국,2019-12-11,0.2,2.2,장수,,,,,,,,
"		0",전국,2019-12-10,0.4,6,강화,,,,,,,,
"		0",전국,2019-12-09,0.1,4.5,강화,,,,,,,,
"		0",전국,2019-12-08,0,0,울릉도,,,,,,,,
"		0",전국,2019-12-07,0,1.1,북춘천,,,,,,,,
"		0",전국,2019-12-06,0,2.9,울릉도,,,,,,,,
"		0",전국,2019-12-05,0,3.3,울릉도,,,,,,,,
"		0",전국,2019-12-04,0.1,2.6,수원,,,,,,,,
"		0",전국,2019-12-03,0.5,11.7,서산,,,,,,,,
"		0",전국,2019-12-02,0.2,4.2,울릉도,,,,,,,,
"		0",전국,2019-12-01,12.5,38,거제,,,,,,,,
"		0",전국,2019-11-30,0.1,12.2,울릉도,,,,,,,,
"		0",전국,2019-11-29,0,20,울릉도,,,,,,,,
"		0",전국,2019-11-28,3.1,52.4,동해,,,,,,,,
"		0",전국,2019-11-27,1,25.4,속초,,,,,,,,
"		0",전국,2019-11-26,0.5,14,영덕,,,,,,,,
"		0",전국,2019-11-25,3.5,71.1,속초,,,,,,,,
"		0",전국,2019-11-24,1.2,12.4,성산,,,,,,,,
"		0",전국,2019-11-23,0,0.4,강진군,진도군,,,,,,,
"		0",전국,2019-11-22,0,,,,,,,,,,
"		0",전국,2019-11-21,0,0,서산,,,,,,,,
"		0",전국,2019-11-20,0,0.2,울릉도,,,,,,,,
"		0",전국,2019-11-19,0.1,3.9,서산,,,,,,,,
"		0",전국,2019-11-18,11.6,32.8,전주,,,,,,,,
"		0",전국,2019-11-17,19,92.5,부여,,,,,,,,
"		0",전국,2019-11-16,0.2,3.5,제천,,,,,,,,
"		0",전국,2019-11-15,3.6,23.4,인천,,,,,,,,
"		0",전국,2019-11-14,0,0.6,영광군,,,,,,,,
"		0",전국,2019-11-13,2.8,23,파주,,,,,,,,
"		0",전국,2019-11-12,0,0.9,울릉도,,,,,,,,
"		0",전국,2019-11-11,1.1,18.8,울릉도,,,,,,,,
"		0",전국,2019-11-10,8.5,37.5,백령도,,,,,,,,
"		0",전국,2019-11-09,0.1,16.1,울릉도,,,,,,,,
"		0",전국,2019-11-08,0,3.5,울릉도,,,,,,,,
"		0",전국,2019-11-07,0,0.9,울릉도,,,,,,,,
"		0",전국,2019-11-06,0,0,울릉도,,,,,,,,
"		0",전국,2019-11-05,0,0.2,성산,,,,,,,,
"		0",전국,2019-11-04,0.2,4.7,완도,,,,,,,,
"		0",전국,2019-11-03,1.5,20.5,영덕,0.1,제천,,,,,,
"		0",전국,2019-11-02,0,0,구미,,,,,,,,
"		0",전국,2019-11-01,0,,,,,,,,,,
"		0",전국,2019-10-31,0,,,,,,,,,,
"		0",전국,2019-10-30,0,0,이천,,,,,,,,
"		0",전국,2019-10-29,0.7,7,양평,8.9,수원,,,,,,
"		0",전국,2019-10-28,0.3,5,백령도,7.3,수원,,,,,,
"		0",전국,2019-10-27,0,18.4,울릉도,10.7,울릉도,,,,,,
"		0",전국,2019-10-26,0,0.5,임실,0.5,임실,,,,,,
"		0",전국,2019-10-25,0.3,9.4,울릉도,8.5,동해,,,,,,
"		0",전국,2019-10-24,2.3,55.7,동해,20.5,영덕,,,,,,
"		0",전국,2019-10-23,0.1,1.4,부산,1,부산,,,,,,
"		0",전국,2019-10-22,0,0.8,성산,0.8,성산,,,,,,
"		0",전국,2019-10-21,0,0,이천,,,,,,,,
"		0",전국,2019-10-20,0,,,,,,,,,,
"		0",전국,2019-10-19,0.2,15.9,울릉도,3.9,울릉도,,,,,,
"		0",전국,2019-10-18,3.8,34.5,거제,10.9,울진,,,,,,
"		0",전국,2019-10-17,0,0,포항,광주,순천,서귀포,0,포항,광주,순천,서귀포
"		0",전국,2019-10-16,0,,,,,,,,,,
"		0",전국,2019-10-15,1.2,14,포항,6.5,포항,,,,,,
"		0",전국,2019-10-14,3.4,92,강릉,31.5,강릉,,,,,,
"		0",전국,2019-10-13,0,0,대관령,북강릉,태백,0,대관령,북강릉,태백,,
"		0",전국,2019-10-12,0,0.7,북강릉,0.7,북강릉,,,,,,
"		0",전국,2019-10-11,0,0.8,동해,0.8,동해,,,,,,
"		0",전국,2019-10-10,0,0.7,백령도,0.6,백령도,,,,,,
"		0",전국,2019-10-09,0,,,,,,,,,,
"		0",전국,2019-10-08,0.1,1.7,백령도,1.7,백령도,,,,,,
"		0",전국,2019-10-07,8.6,25.6,수원,13.5,진도군,,,,,,
"		0",전국,2019-10-06,0,1,제주,1,제주,,,,,,
"		0",전국,2019-10-05,3.2,57.5,강릉,19.5,속초,,,,,,
"		0",전국,2019-10-04,0.3,17,영월,17,영월,,,,,,
"		0",전국,2019-10-03,28.9,310,강릉,104.5,울진,,,,,,
"		0",전국,2019-10-02,106.3,332.9,울진,91.3,울진,,,,,,
"		0",전국,2019-10-01,9.4,58.9,남원,41.3,남원,,,,,,
"		0",전국,2019-09-30,0.1,38.6,고산,23,고산,,,,,,
"		0",전국,2019-09-29,0.1,38.3,서귀포,19.7,서귀포,,,,,,
"		0",전국,2019-09-28,1.8,68.2,부산,37.4,부산,,,,,,
"		0",전국,2019-09-27,1.5,73,성산,33.1,성산,,,,,,
"		0",전국,2019-09-26,0,1,제주,0.5,제주,,,,,,
"		0",전국,2019-09-25,0,,,,,,,,,,
"		0",전국,2019-09-24,0,,,,,,,,,,
"		0",전국,2019-09-23,0.4,61.7,울릉도,12,울릉도,,,,,,
"		0",전국,2019-09-22,65.1,262.5,거제,23.8,성산,,,,,,
"		0",전국,2019-09-21,40.1,156,제주,24.1,성산,,,,,,
"		0",전국,2019-09-20,0,1.2,성산,1.2,성산,,,,,,
"		0",전국,2019-09-19,0,0.5,영덕,0.5,영덕,,,,,,
"		0",전국,2019-09-18,0,0,북강릉,동해,울진,울산,0,북강릉,동해,울진,울산
"		0",전국,2019-09-17,0,0.1,강진군,장흥,0.1,강진군,장흥,,,,
"		0",전국,2019-09-16,0.2,4.6,완도,4.4,완도,,,,,,
"		0",전국,2019-09-15,0.4,14.5,강릉,10,강릉,,,,,,
"		0",전국,2019-09-14,0.1,6.9,백령도,2.5,백령도,,,,,,
"		0",전국,2019-09-13,0,0.8,울산,0.8,울산,,,,,,
"		0",전국,2019-09-12,5.6,28.3,수원,17,수원,,,,,,
"		0",전국,2019-09-11,7.4,54.8,원주,29.1,이천,,,,,,
"		0",전국,2019-09-10,15.3,216.5,강화,52.7,파주,,,,,,
"		0",전국,2019-09-09,8,62.9,고산,23,광양시,,,,,,
"		0",전국,2019-09-08,0.8,30.3,성산,12.1,서귀포,,,,,,
"		0",전국,2019-09-07,12.3,100,함양군,29.5,산청,,,,,,
"		0",전국,2019-09-06,2.9,68.8,제주,31.9,성산,,,,,,
"		0",전국,2019-09-05,22,95,양평,66.5,양평,,,,,,
"		0",전국,2019-09-04,11.9,67.9,고산,38.8,고산,,,,,,
"		0",전국,2019-09-03,13.1,95.9,진주,51.3,진주,,,,,,
"		0",전국,2019-09-02,11.4,62,남해,36,고산,,,,,,
"		0",전국,2019-09-01,0.8,26.1,제주,10.8,성산,,,,,,
"		0",전국,2019-08-31,0,4.2,고창군,3.8,고창군,,,,,,
"		0",전국,2019-08-30,0.2,2.9,목포,3.5,대전,,,,,,
"		0",전국,2019-08-29,4.2,70.7,고산,35.5,양평,,,,,,
"		0",전국,2019-08-28,0.9,93.7,서귀포,39.8,고산,,,,,,
"		0",전국,2019-08-27,16.7,135.7,성산,50.7,고산,,,,,,
"		0",전국,2019-08-26,0.1,23.9,서귀포,12.9,고산,,,,,,
"		0",전국,2019-08-25,1.2,24.2,속초,20.5,속초,,,,,,
"		0",전국,2019-08-24,0,0.5,충주,0.5,충주,,,,,,
"		0",전국,2019-08-23,0,0.2,고산,0.2,고산,,,,,,
"		0",전국,2019-08-22,25.2,85.5,고창군,36,영천,,,,,,
"		0",전국,2019-08-21,8.6,52.9,정읍,36.3,구미,,,,,,
"		0",전국,2019-08-20,0.2,7.8,포항,7.1,포항,,,,,,
"		0",전국,2019-08-19,0.4,16.4,포항,14.9,포항,,,,,,
"		0",전국,2019-08-18,0,25.7,성산,23.7,성산,,,,,,
"		0",전국,2019-08-17,2.1,20.8,영월,16.8,영월,정읍,,,,,
"		0",전국,2019-08-16,1.9,14.7,울릉도,12.3,정읍,,,,,,
"		0",전국,2019-08-15,15.8,203.7,속초,37,속초,,,,,,
"		0",전국,2019-08-14,1.2,32.4,장흥,22.6,장흥,,,,,,
"		0",전국,2019-08-13,1.2,31.5,강화,9,북춘천,,,,,,
"		0",전국,2019-08-12,15.5,94,양평,61,양평,,,,,,
"		0",전국,2019-08-11,8,70.8,해남,29.6,목포,,,,,,
"		0",전국,2019-08-10,0,3.1,파주,3.1,파주,,,,,,
"		0",전국,2019-08-09,0.1,1.5,보은,1,보은,문경,,,,,
"		0",전국,2019-08-08,5.7,71.7,추풍령,53.8,추풍령,,,,,,
"		0",전국,2019-08-07,14.7,102.3,대관령,45.2,대관령,,,,,,
"		0",전국,2019-08-06,10.9,92.3,울산,37.6,울진,,,,,,
"		0",전국,2019-08-05,0.7,29.2,원주,24.5,원주,,,,,,
"		0",전국,2019-08-04,0.6,16.3,전주,16.3,전주,,,,,,
"		0",전국,2019-08-03,0.5,19.2,철원,18.7,철원,,,,,,
"		0",전국,2019-08-02,0.1,2.6,전주,2.6,전주,,,,,,
"		0",전국,2019-08-01,3.4,63.5,홍천,50,홍천,,,,,,
"		0",전국,2019-07-31,6,64.4,춘천,31.8,동두천,,,,,,
"		0",전국,2019-07-30,0.7,35.9,파주,24.8,파주,,,,,,
"		0",전국,2019-07-29,0.1,5.2,백령도,4.4,백령도,,,,,,
"		0",전국,2019-07-28,10.9,84.5,강화,28.5,강화,,,,,,
"		0",전국,2019-07-27,12.1,131.1,정읍,59.7,정읍,,,,,,
"		0",전국,2019-07-26,19,108.5,강화,47.3,흑산도,,,,,,
"		0",전국,2019-07-25,16.3,132.8,홍성,52.2,장수,,,,,,
"		0",전국,2019-07-24,0.5,34.2,백령도,22,백령도,,,,,,
"		0",전국,2019-07-23,0,0.5,금산,밀양,0.5,금산,밀양,,,,
"		0",전국,2019-07-22,0.3,108.3,제주,66,제주,,,,,,
"		0",전국,2019-07-21,20,72,장수,22,남해,,,,,,
"		0",전국,2019-07-20,56.5,220.5,산청,30,거제,,,,,,
"		0",전국,2019-07-19,13.9,262.7,성산,59.1,성산,,,,,,
"		0",전국,2019-07-18,8.1,128.2,서귀포,54.5,서귀포,,,,,,
"		0",전국,2019-07-17,3.7,28.7,여수,26.4,여수,,,,,,
"		0",전국,2019-07-16,4.5,40,산청,38,산청,,,,,,
"		0",전국,2019-07-15,8.8,144.1,남원,73.7,남원,,,,,,
"		0",전국,2019-07-14,2.1,24,홍천,23.5,홍천,,,,,,
"		0",전국,2019-07-13,1.6,57.9,서귀포,29.3,서산,,,,,,
"		0",전국,2019-07-12,0.4,5.5,보은,5.5,보은,,,,,,
"		0",전국,2019-07-11,8.5,103.6,북강릉,15.6,동해,,,,,,
"		0",전국,2019-07-10,20.7,104.7,제주,19.9,제주,,,,,,
"		0",전국,2019-07-09,0.2,6.6,성산,3,부안,,,,,,
"		0",전국,2019-07-08,0.5,37.1,성산,14.1,성산,,,,,,
"		0",전국,2019-07-07,0.2,6.5,순창군,5.5,영광군,,,,,,
"		0",전국,2019-07-06,0,5.5,파주,5.5,파주,,,,,,
"		0",전국,2019-07-05,0,5.5,이천,5.5,이천,,,,,,
"		0",전국,2019-07-04,0,0,영덕,0,영덕,,,,,,
"		0",전국,2019-07-03,0,13.5,정선군,6,정선군,,,,,,
"		0",전국,2019-07-02,0,1.1,광주,1.1,광주,,,,,,
"		0",전국,2019-07-01,0.4,15.5,흑산도,10.4,광주,,,,,,
"		0",전국,2019-06-30,0,1.4,울릉도,0.7,울릉도,,,,,,
"		0",전국,2019-06-29,31.7,119,거제,50,진도군,,,,,,
"		0",전국,2019-06-28,0.8,7,대구,6.5,대구,,,,,,
"		0",전국,2019-06-27,12,147.4,울릉도,41,봉화,,,,,,
"		0",전국,2019-06-26,33.1,179.5,남해,39.8,고산,,,,,,
"		0",전국,2019-06-25,0,1.4,성산,1.6,고산,,,,,,
"		0",전국,2019-06-24,0.1,1.2,춘천,1.1,춘천,,,,,,
"		0",전국,2019-06-23,0.3,9,강진군,8,강진군,,,,,,
"		0",전국,2019-06-22,1,62.6,남원,56.9,남원,,,,,,
"		0",전국,2019-06-21,1.9,22,합천,15.6,북춘천,,,,,,
"		0",전국,2019-06-20,0,0,백령도,0,백령도,,,,,,
"		0",전국,2019-06-19,0.8,15.5,인제,8.5,인제,,,,,,
"		0",전국,2019-06-18,2.1,24.1,동두천,13.1,철원,,,,,,
"		0",전국,2019-06-17,0,0.4,이천,0.4,이천,,,,,,
"		0",전국,2019-06-16,0.1,11.1,대관령,5.3,대관령,,,,,,
"		0",전국,2019-06-15,3.8,76.4,영월,52.5,영월,,,,,,
"		0",전국,2019-06-14,2.3,43.5,제주,9.7,남원,,,,,,
"		0",전국,2019-06-13,0,,,,,,,,,,
"		0",전국,2019-06-12,0,0,울릉도,봉화,0,울릉도,봉화,,,,
"		0",전국,2019-06-11,0.3,28,순창군,12.5,순창군,,,,,,
"		0",전국,2019-06-10,4,26.4,천안,17.5,순창군,,,,,,
"		0",전국,2019-06-09,1.5,20.5,원주,18.3,원주,,,,,,
"		0",전국,2019-06-08,0.1,1.7,순천,1.5,임실,,,,,,
"		0",전국,2019-06-07,24.2,93.9,대관령,40.5,거제,,,,,,
"		0",전국,2019-06-06,20.7,98.5,강진군,38.4,통영,,,,,,
"		0",전국,2019-06-05,0,0,백령도,0,백령도,,,,,,
"		0",전국,2019-06-04,0,1.4,백령도,1.3,백령도,,,,,,
"		0",전국,2019-06-03,0,1.3,백령도,1.3,백령도,,,,,,
"		0",전국,2019-06-02,0,,,,,,,,,,
"		0",전국,2019-06-01,0,,,,,,,,,,
"		0",전국,2019-05-31,0.8,4.3,고흥,1.9,고흥,,,,,,
"		0",전국,2019-05-30,0.1,0.8,,0.8,,,,,,,
"		0",전국,2019-05-29,0,0,북강릉,인제,0,북강릉,인제,,,,
"		0",전국,2019-05-28,0,0,대관령,0,대관령,,,,,,
"		0",전국,2019-05-27,22.9,116.6,서귀포,27.5,진도군,,,,,,
"		0",전국,2019-05-26,0.1,13.1,흑산도,4.9,흑산도,,,,,,
"		0",전국,2019-05-25,0,,,,,,,,,,
"		0",전국,2019-05-24,0,,,,,,,,,,
"		0",전국,2019-05-23,0,,,,,,,,,,
"		0",전국,2019-05-22,0,,,,,,,,,,
"		0",전국,2019-05-21,0,,,,,,,,,,
"		0",전국,2019-05-20,1.7,8.7,서울,6.1,서울,,,,,,
"		0",전국,2019-05-19,7.2,26,강화,5.5,강화,,,,,,
"		0",전국,2019-05-18,21.3,197.3,서귀포,43.9,서귀포,,,,,,
"		0",전국,2019-05-17,1.7,54.4,서귀포,17.4,서귀포,,,,,,
"		0",전국,2019-05-16,0,0,고산,0,고산,,,,,,
"		0",전국,2019-05-15,0,0.5,함양군,0.5,함양군,,,,,,
"		0",전국,2019-05-14,0,3.1,성산,서귀포,2.4,성산,,,,,
"		0",전국,2019-05-13,0,3.9,백령도,2,백령도,,,,,,
"		0",전국,2019-05-12,0,1.5,대관령,1.5,대관령,,,,,,
"		0",전국,2019-05-11,0,0,태백,봉화,문경,0,태백,봉화,문경,,
"		0",전국,2019-05-10,0,,,,,,,,,,
"		0",전국,2019-05-09,0,0,고산,0,고산,,,,,,
"		0",전국,2019-05-08,0,,,,,,,,,,
"		0",전국,2019-05-07,0,0.1,통영,거제,0.1,통영,거제,,,,
"		0",전국,2019-05-06,0.1,13,의령군,5.5,의령군,,,,,,
"		0",전국,2019-05-05,0,0,백령도,0,백령도,,,,,,
"		0",전국,2019-05-04,0,0,태백,0,태백,,,,,,
"		0",전국,2019-05-03,0,,,,,,,,,,
"		0",전국,2019-05-02,0,,,,,,,,,,
"		0",전국,2019-05-01,0,2.9,창원,2.9,창원,,,,,,
"		0",전국,2019-04-30,0.1,1.4,제주,1.1,목포,,,,,,
"		0",전국,2019-04-29,19.1,54.2,진주,13,남해,,,,,,
"		0",전국,2019-04-28,0.2,2.5,영광군,1.5,고창,,,,,,
"		0",전국,2019-04-27,0.1,1.9,울진,0.9,울진,,,,,,
"		0",전국,2019-04-26,6.3,38.8,동해,7.2,상주,,,,,,
"		0",전국,2019-04-25,4.5,16.4,북춘천,5.8,진주,,,,,,
"		0",전국,2019-04-24,6.9,22.5,보은,8.5,보은,,,,,,
"		0",전국,2019-04-23,5.6,38.6,서귀포,9.5,전주,,,,,,
"		0",전국,2019-04-22,0,0,이천,,,,,,,,
"		0",전국,2019-04-21,0.1,0.8,수원,0.4,충주,,,,,,
"		0",전국,2019-04-20,0.1,1.2,서울,0.7,서울,,,,,,
"		0",전국,2019-04-19,0,0.4,부안,고창군,0.2,부안,고창군,,,,
"		0",전국,2019-04-18,0,0,철원,파주,서울,인천,0,철원,파주,서울,인천
"		0",전국,2019-04-17,0.5,9.5,여수,9.1,여수,,,,,,
"		0",전국,2019-04-16,0,1.9,성산,1.9,성산,,,,,,
"		0",전국,2019-04-15,0,,,,,,,,,,
"		0",전국,2019-04-14,0.8,6.2,백령도,3.1,백령도,,,,,,
"		0",전국,2019-04-13,0,,,,,,,,,,
"		0",전국,2019-04-12,0.1,9.5,북창원,4.5,북창원,,,,,,
"		0",전국,2019-04-11,0,0.2,울진,0.2,울진,,,,,,
"		0",전국,2019-04-10,8.5,32.2,동해,6.5,함양군,영덕,,,,,
"		0",전국,2019-04-09,23.2,56.3,성산,21.3,성산,,,,,,
"		0",전국,2019-04-08,0,,,,,,,,,,
"		0",전국,2019-04-07,2.8,28.7,순천,12.3,순천,,,,,,
"		0",전국,2019-04-06,0.6,13.5,홍천,11,홍천,,,,,,
"		0",전국,2019-04-05,0,0.1,대관령,0.1,대관령,,,,,,
"		0",전국,2019-04-04,0,,,,,,,,,,
"		0",전국,2019-04-03,0,6.5,울릉도,6.5,울릉도,,,,,,
"		0",전국,2019-04-02,0,3.9,울릉도,2.2,울릉도,,,,,,
"		0",전국,2019-04-01,0,3.9,울릉도,1.9,울릉도,,,,,,
"		0",전국,2019-03-31,0.2,12,울릉도,,,,,,,,
"		0",전국,2019-03-30,3,8,청송군,,,,,,,,
"		0",전국,2019-03-29,0,24.6,울릉도,,,,,,,,
"		0",전국,2019-03-28,0.6,12.9,북강릉,,,,,,,,
"		0",전국,2019-03-27,0.1,3.3,속초,,,,,,,,
"		0",전국,2019-03-26,0,0,동두천,파주,,,,,,,
"		0",전국,2019-03-25,0,,,,,,,,,,
"		0",전국,2019-03-24,0,0,울릉도,,,,,,,,
"		0",전국,2019-03-23,1.4,6.9,추풍령,,,,,,,,
"		0",전국,2019-03-22,0,0,울릉도,,,,,,,,
"		0",전국,2019-03-21,2.1,9,인제,,,,,,,,
"		0",전국,2019-03-20,16.1,53.1,성산,,,,,,,,
"		0",전국,2019-03-19,0,0,서귀포,양평,,,,,,,
"		0",전국,2019-03-18,0,8.8,성산,,,,,,,,
"		0",전국,2019-03-17,0,7.1,울릉도,,,,,,,,
"		0",전국,2019-03-16,0.2,7.8,울진,,,,,,,,
"		0",전국,2019-03-15,3.3,17.5,정선군,,,,,,,,
"		0",전국,2019-03-14,0,0.7,철원,,,,,,,,
"		0",전국,2019-03-13,0,0.6,충주,,,,,,,,
"		0",전국,2019-03-12,0.9,5.5,영주,,,,,,,,
"		0",전국,2019-03-11,1.1,12.2,고산,,,,,,,,
"		0",전국,2019-03-10,7.9,43.5,양산시,,,,,,,,
"		0",전국,2019-03-09,0.3,18.4,서귀포,,,,,,,,
"		0",전국,2019-03-08,0,,,,,,,,,,
"		0",전국,2019-03-07,0.5,9.5,동해,,,,,,,,
"		0",전국,2019-03-06,1,11.3,제주,,,,,,,,
"		0",전국,2019-03-05,0,1.1,고산,,,,,,,,
"		0",전국,2019-03-04,0,2,제주,,,,,,,,
"		0",전국,2019-03-03,0,6.9,성산,,,,,,,,
"		0",전국,2019-03-02,0,2,서귀포,,,,,,,,
"		0",전국,2019-03-01,0,,,,,,,,,,
"		0",전국,2019-02-28,0.1,1.3,울릉도,,,,,,,,
"		0",전국,2019-02-27,0.4,4.6,제주,,,,,,,,
"		0",전국,2019-02-26,0,0.1,울릉도,,,,,,,,
"		0",전국,2019-02-25,0,,,,,,,,,,
"		0",전국,2019-02-24,0,,,,,,,,,,
"		0",전국,2019-02-23,0,0.4,울릉도,,,,,,,,
"		0",전국,2019-02-22,0,1.7,성산,,,,,,,,
"		0",전국,2019-02-21,0,,,,,,,,,,
"		0",전국,2019-02-20,0,0.3,정읍,,,,,,,,
"		0",전국,2019-02-19,16.3,49.5,성산,,,,,,,,
"		0",전국,2019-02-18,0.1,4.7,흑산도,,,,,,,,
"		0",전국,2019-02-17,0,0,울릉도,,,,,,,,
"		0",전국,2019-02-16,0.1,5.3,울릉도,,,,,,,,
"		0",전국,2019-02-15,0.4,4.4,동두천,,,,,,,,
"		0",전국,2019-02-14,0.1,3.3,동해,0.7,울진,,,,,,
"		0",전국,2019-02-13,0,5.4,울릉도,,,,,,,,
"		0",전국,2019-02-12,0,0.2,서산,,,,,,,,
"		0",전국,2019-02-11,0,5.5,울릉도,,,,,,,,
"		0",전국,2019-02-10,0,5.6,울릉도,,,,,,,,
"		0",전국,2019-02-09,0,12.7,울릉도,,,,,,,,
"		0",전국,2019-02-08,0,2.3,울릉도,,,,,,,,
"		0",전국,2019-02-07,0.5,9.3,속초,,,,,,,,
"		0",전국,2019-02-06,0,0.2,고산,,,,,,,,
"		0",전국,2019-02-05,0,,,,,,,,,,
"		0",전국,2019-02-04,0,0.1,울릉도,,,,,,,,
"		0",전국,2019-02-03,12.8,33.5,거제,,,,,,,,
"		0",전국,2019-02-02,0,1,흑산도,,,,,,,,
"		0",전국,2019-02-01,0,1,울릉도,,,,,,,,
"		0",전국,2019-01-31,4.9,17.9,제주,,,,,,,,
"		0",전국,2019-01-30,0,0.3,성산,,,,,,,,
"		0",전국,2019-01-29,0,0,울릉도,,,,,,,,
"		0",전국,2019-01-28,0.2,4,충주,,,,,,,,
"		0",전국,2019-01-27,0,0,원주,,,,,,,,
"		0",전국,2019-01-26,0,0.3,울릉도,,,,,,,,
"		0",전국,2019-01-25,0,16.5,울릉도,,,,,,,,
"		0",전국,2019-01-24,0,,,,,,,,,,
"		0",전국,2019-01-23,0,,,,,,,,,,
"		0",전국,2019-01-22,0,0,울릉도,,,,,,,,
"		0",전국,2019-01-21,0,0.4,춘천,,,,,,,,
"		0",전국,2019-01-20,0.1,1.9,울릉도,,,,,,,,
"		0",전국,2019-01-19,0.2,2.6,정읍,,,,,,,,
"		0",전국,2019-01-18,0,0,울릉도,,,,,,,,
"		0",전국,2019-01-17,0,0.3,이천,,,,,,,,
"		0",전국,2019-01-16,0,0.9,울릉도,,,,,,,,
"		0",전국,2019-01-15,0.1,1.9,울릉도,,,,,,,,
"		0",전국,2019-01-14,0,2.4,울릉도,,,,,,,,
"		0",전국,2019-01-13,0,5.8,울릉도,,,,,,,,
"		0",전국,2019-01-12,2.4,12.6,울릉도,,,,,,,,
"		0",전국,2019-01-11,0,2.2,고산,,,,,,,,
"		0",전국,2019-01-10,0,0.3,서산,,,,,,,,
"		0",전국,2019-01-09,0,2.2,울릉도,,,,,,,,
"		0",전국,2019-01-08,0,0.6,울릉도,,,,,,,,
"		0",전국,2019-01-07,0,0,서귀포,,,,,,,,
"		0",전국,2019-01-06,0,0.8,울릉도,,,,,,,,
"		0",전국,2019-01-05,0,5.9,울릉도,,,,,,,,
"		0",전국,2019-01-04,0,3.2,서귀포,,,,,,,,
"		0",전국,2019-01-03,0,,,,,,,,,,
"		0",전국,2019-01-02,0,0,울릉도,목포,흑산도,순천,,,,,
"		0",전국,2019-01-01,0.1,1.9,보령,,,,,,,,
"		0",전국,2018-12-31,0,0,울산,부산,흑산도,,,,,,
"		0",전국,2018-12-30,0,1.1,울릉도,고창,,,,,,,
"		0",전국,2018-12-29,0,8.2,울릉도,,,,,,,,
"		0",전국,2018-12-28,0.1,10.7,울릉도,,,,,,,,
"		0",전국,2018-12-27,0,8.5,울릉도,,,,,,,,
"		0",전국,2018-12-26,0,1.1,흑산도,보령,,,,,,,
"		0",전국,2018-12-25,0,2,흑산도,,,,,,,,
"		0",전국,2018-12-24,0,0,울릉도,,,,,,,,
"		0",전국,2018-12-23,0.9,13.2,울릉도,,,,,,,,
"		0",전국,2018-12-22,0,3,제주,,,,,,,,
"		0",전국,2018-12-21,0,0,파주,백령도,전주,제주,,,,,
"		0",전국,2018-12-20,0,21.8,제주,,,,,,,,
"		0",전국,2018-12-19,0,1.8,대전,,,,,,,,
"		0",전국,2018-12-18,0,0,북춘천,동두천,대관령,춘천,,,,,
"		0",전국,2018-12-17,0.1,1.3,정읍,,,,,,,,
"		0",전국,2018-12-16,0.6,7.1,제주,,,,,,,,
"		0",전국,2018-12-15,0,0.4,울릉도,,,,,,,,
"		0",전국,2018-12-14,0,24.1,울릉도,,,,,,,,
"		0",전국,2018-12-13,0.3,7.9,울릉도,,,,,,,,
"		0",전국,2018-12-12,0,30.5,울릉도,,,,,,,,
"		0",전국,2018-12-11,1.8,20,제주,,,,,,,,
"		0",전국,2018-12-10,0,0.7,울릉도,,,,,,,,
"		0",전국,2018-12-09,0,4.4,울릉도,,,,,,,,
"		0",전국,2018-12-08,0.1,6.4,흑산도,,,,,,,,
"		0",전국,2018-12-07,0,4.5,울릉도,,,,,,,,
"		0",전국,2018-12-06,2.5,60.6,울릉도,,,,,,,,
"		0",전국,2018-12-05,0,29.9,울릉도,,,,,,,,
"		0",전국,2018-12-04,12.2,36.7,통영,,,,,,,,
"		0",전국,2018-12-03,8.6,22.5,남해,,,,,,,,
"		0",전국,2018-12-02,0.2,16.8,성산,,,,,,,,
"		0",전국,2018-12-01,0,0,흑산도,,,,,,,,
"		0",전국,2018-11-30,0,0,백령도,,,,,,,,
"		0",전국,2018-11-29,0,0,서울,인천,서산,군산,,,,,
"		0",전국,2018-11-28,0,0,영월,,,,,,,,
"		0",전국,2018-11-27,0,0,서산,홍성,,,,,,,
"		0",전국,2018-11-26,0,5.7,성산,,,,,,,,
"		0",전국,2018-11-25,0,,,,,,,,,,
"		0",전국,2018-11-24,4.3,28.6,백령도,,,,,,,,
"		0",전국,2018-11-23,0,2.8,울릉도,,,,,,,,
"		0",전국,2018-11-22,0,0,울릉도,흑산도,고창,보령,,,,,
"		0",전국,2018-11-21,0.7,7.6,서산,,,,,,,,
"		0",전국,2018-11-20,0.1,4.3,파주,,,,,,,,
"		0",전국,2018-11-19,0,0,백령도,울릉도,서산,군산,0,보령,,,
"		0",전국,2018-11-18,0,4.4,울릉도,,,,,,,,
"		0",전국,2018-11-17,0,7.2,울릉도,,,,,,,,
"		0",전국,2018-11-16,1,10.2,해남,,,,,,,,
"		0",전국,2018-11-15,0,0,흑산도,,,,,,,,
"		0",전국,2018-11-14,0.4,6.3,울진,,,,,,,,
"		0",전국,2018-11-13,0.4,10.9,속초,,,,,,,,
"		0",전국,2018-11-12,1,7.5,남해,,,,,,,,
"		0",전국,2018-11-11,1.1,9.7,성산,0.5,금산,,,,,,
"		0",전국,2018-11-10,0,0.5,인천,,,,,,,,
"		0",전국,2018-11-09,0.4,4.9,철원,,,,,,,,
"		0",전국,2018-11-08,34.6,101.2,부산,,,,,,,,
"		0",전국,2018-11-07,6.1,152.8,속초,,,,,,,,
"		0",전국,2018-11-06,0.2,9.8,속초,,,,,,,,
"		0",전국,2018-11-05,0,2.1,울릉도,0,동해,,,,,,
"		0",전국,2018-11-04,0,,,,,,,,,,
"		0",전국,2018-11-03,0,,,,,,,,,,
"		0",전국,2018-11-02,0,,,,,,,,,,
"		0",전국,2018-11-01,0,0,울릉도,문경,,,,,,,
"		0",전국,2018-10-31,0,12,울릉도,8,울릉도,,,,,,
"		0",전국,2018-10-30,0,0.1,강화,이천,0.1,강화,이천,,,,
"		0",전국,2018-10-29,0.3,5.4,부안,5.4,부안,,,,,,
"		0",전국,2018-10-28,5,17.2,동두천,11.8,보령,,,,,,
"		0",전국,2018-10-27,0.3,4,영광군,2.5,영광군,,,,,,
"		0",전국,2018-10-26,6.9,21.7,대전,11,백령도,,,,,,
"		0",전국,2018-10-25,0,,,,,,,,,,
"		0",전국,2018-10-24,0,,,,,,,,,,
"		0",전국,2018-10-23,1.2,11.7,파주,9.4,강화,,,,,,
"		0",전국,2018-10-22,0,1.8,성산,1.3,성산,,,,,,
"		0",전국,2018-10-21,0,,,,,,,,,,
"		0",전국,2018-10-20,0,,,,,,,,,,
"		0",전국,2018-10-19,0,0.5,강릉,영천,경주시,0.5,강릉,영천,경주시,,
"		0",전국,2018-10-18,6.3,104.4,울진,28.9,속초,,,,,,
"		0",전국,2018-10-17,1.5,41.5,속초,17.4,속초,,,,,,
"		0",전국,2018-10-16,0.3,14.2,북강릉,9.4,울릉도,,,,,,
"		0",전국,2018-10-15,0,,,,,,,,,,
"		0",전국,2018-10-14,0,0,제주,0,제주,,,,,,
"		0",전국,2018-10-13,0,0.1,울산,0.1,울산,,,,,,
"		0",전국,2018-10-12,0,0,울릉도,0,울릉도,,,,,,
"		0",전국,2018-10-11,0,2,흑산도,1.1,흑산도,,,,,,
"		0",전국,2018-10-10,1.6,18.8,인천,17.7,인천,,,,,,
"		0",전국,2018-10-09,0,12.8,백령도,12.2,백령도,,,,,,
"		0",전국,2018-10-08,0,,,,,,,,,,
"		0",전국,2018-10-07,0,0.6,울릉도,0.5,울릉도,,,,,,
"		0",전국,2018-10-06,81.2,225.5,남해,46.5,남해,,,,,,
"		0",전국,2018-10-05,57.9,310,제주,48.8,제주,,,,,,
"		0",전국,2018-10-04,0.4,14.8,성산,6.6,서귀포,,,,,,
"		0",전국,2018-10-03,0,,,,,,,,,,
"		0",전국,2018-10-02,0,0.5,영광군,0.1,울릉도,,,,,,
"		0",전국,2018-10-01,1.2,8.1,보령,5.1,보령,,,,,,
"		0",전국,2018-09-30,0.7,15,울산,7.8,통영,,,,,,
"		0",전국,2018-09-29,1.8,46.8,통영,10.6,통영,,,,,,
"		0",전국,2018-09-28,0,0.9,울진,0.9,울진,,,,,,
"		0",전국,2018-09-27,0,2.3,동해,2.1,동해,,,,,,
"		0",전국,2018-09-26,0.5,11.7,울진,6.9,동해,,,,,,
"		0",전국,2018-09-25,0.3,10.7,북강릉,9.7,북강릉,,,,,,
"		0",전국,2018-09-24,0,0.1,양평,0.1,양평,,,,,,
"		0",전국,2018-09-23,0.2,9.7,백령도,9.7,백령도,,,,,,
"		0",전국,2018-09-22,0.6,10.5,강화,10,강화,,,,,,
"		0",전국,2018-09-21,26.4,43.5,경주시,24.5,영광군,,,,,,
"		0",전국,2018-09-20,12.6,42.2,고흥,21.5,진도군,,,,,,
"		0",전국,2018-09-19,2.4,25,완도,19.4,완도,,,,,,
"		0",전국,2018-09-18,0,0,서산,0,서산,,,,,,
"		0",전국,2018-09-17,0.1,6.9,서귀포,4.1,서귀포,,,,,,
"		0",전국,2018-09-16,0.4,5.3,울릉도,5.1,울릉도,,,,,,
"		0",전국,2018-09-15,2.3,14.5,남해,5,문경,,,,,,
"		0",전국,2018-09-14,11,111.4,통영,24.4,통영,,,,,,
"		0",전국,2018-09-13,2.9,199.1,서귀포,48,성산,,,,,,
"		0",전국,2018-09-12,0.1,176,성산,62.9,성산,,,,,,
"		0",전국,2018-09-11,0,1.3,성산,1.3,성산,,,,,,
"		0",전국,2018-09-10,0.1,11.1,대관령,7.7,동해,,,,,,
"		0",전국,2018-09-09,0.5,14.2,북강릉,11,북강릉,,,,,,
"		0",전국,2018-09-08,0,0.1,서귀포,0.1,서귀포,,,,,,
"		0",전국,2018-09-07,4.5,24.4,통영,9.4,통영,,,,,,
"		0",전국,2018-09-06,1.1,12.5,강화,12.5,강화,,,,,,
"		0",전국,2018-09-05,0,0,흑산도,0,흑산도,,,,,,
"		0",전국,2018-09-04,26.6,100,순천,50.5,영주,,,,,,
"		0",전국,2018-09-03,32.1,151.6,청주,63.1,충주,,,,,,
"		0",전국,2018-09-02,1.4,22.5,남해,8,남해,,,,,,
"		0",전국,2018-09-01,8.2,191,서귀포,120.7,서귀포,,,,,,
"		0",전국,2018-08-31,31.7,133.9,군산,53.4,광주,,,,,,
"		0",전국,2018-08-30,15.2,117,보은,40,보은,,,,,,
"		0",전국,2018-08-29,16.9,384.3,철원,73.3,철원,,,,,,
"		0",전국,2018-08-28,30.3,168.4,이천,66.5,강화,,,,,,
"		0",전국,2018-08-27,45.5,149.5,장수,51.3,부산,,,,,,
"		0",전국,2018-08-26,54.3,262,의령군,60.5,산청,,,,,,
"		0",전국,2018-08-25,1.1,13,거제,7.5,남해,,,,,,
"		0",전국,2018-08-24,20.6,97.2,속초,37.3,속초,,,,,,
"		0",전국,2018-08-23,25.3,305,진도군,43.5,강진군,,,,,,
"		0",전국,2018-08-22,0,60.4,서귀포,24.6,서귀포,,,,,,
"		0",전국,2018-08-21,2.2,36.5,강화,22,강화,,,,,,
"		0",전국,2018-08-20,0,46.1,백령도,15.2,백령도,,,,,,
"		0",전국,2018-08-19,0,0,백령도,0,백령도,,,,,,
"		0",전국,2018-08-18,0,,,,,,,,,,
"		0",전국,2018-08-17,0,8.1,서귀포,7.2,서귀포,,,,,,
"		0",전국,2018-08-16,5.2,70.6,대관령,40.5,거제,,,,,,
"		0",전국,2018-08-15,3.5,96.5,거제,76,거제,,,,,,
"		0",전국,2018-08-14,0,51,대관령,45,대관령,,,,,,
"		0",전국,2018-08-13,0.9,26.5,철원,21.6,파주,,,,,,
"		0",전국,2018-08-12,0.5,41.1,제주,24.5,거제,,,,,,
"		0",전국,2018-08-11,0.9,15.5,부안,15.5,부안,,,,,,
"		0",전국,2018-08-10,8.2,85.5,대구,50,북창원,,,,,,
"		0",전국,2018-08-09,3,39.7,영월,29.8,영월,,,,,,
"		0",전국,2018-08-08,1.6,48.4,철원,48.3,철원,,,,,,
"		0",전국,2018-08-07,1.2,90.7,남원,84.3,남원,,,,,,
"		0",전국,2018-08-06,12.1,226.2,속초,93,강릉,,,,,,
"		0",전국,2018-08-05,1.6,68.5,속초,45.7,속초,,,,,,
"		0",전국,2018-08-04,0,1,장흥,1,장흥,,,,,,
"		0",전국,2018-08-03,0.1,8.5,서귀포,5,고산,,,,,,
"		0",전국,2018-08-02,0,0,제주,,,,,,,,
"		0",전국,2018-08-01,0,,,,,,,,,,
"		0",전국,2018-07-31,0,0,성산,0,성산,,,,,,
"		0",전국,2018-07-30,0.2,8.8,대관령,7.6,상주,,,,,,
"		0",전국,2018-07-29,0.1,9.5,경주시,5.5,경주시,,,,,,
"		0",전국,2018-07-28,3.6,68,함양군,61,함양군,,,,,,
"		0",전국,2018-07-27,0.1,3,밀양,3,밀양,,,,,,
"		0",전국,2018-07-26,0,1.2,백령도,1,백령도,,,,,,
"		0",전국,2018-07-25,0,0.6,백령도,0.6,백령도,,,,,,
"		0",전국,2018-07-24,0,0.1,청송군,0.1,청송군,,,,,,
"		0",전국,2018-07-23,0,8.9,태백,6.8,태백,,,,,,
"		0",전국,2018-07-22,0,0.4,고산,0.4,고산,,,,,,
"		0",전국,2018-07-21,0,0.6,전주,0.3,전주,영광군,,,,,
"		0",전국,2018-07-20,0,,,,,,,,,,
"		0",전국,2018-07-19,0,,,,,,,,,,
"		0",전국,2018-07-18,0,,,,,,,,,,
"		0",전국,2018-07-17,0,,,,,,,,,,
"		0",전국,2018-07-16,0,,,,,,,,,,
"		0",전국,2018-07-15,0,0,인천,0,인천,,,,,,
"		0",전국,2018-07-14,0,0.2,강화,0.1,강화,,,,,,
"		0",전국,2018-07-13,0,0.9,백령도,0.8,백령도,,,,,,
"		0",전국,2018-07-12,0,2.3,철원,1.3,철원,,,,,,
"		0",전국,2018-07-11,3.1,34.5,철원,15.6,춘천,,,,,,
"		0",전국,2018-07-10,2.4,80.5,백령도,22.9,동두천,,,,,,
"		0",전국,2018-07-09,12.3,69.8,백령도,22.9,동두천,,,,,,
"		0",전국,2018-07-08,0,2.1,울릉도,0.8,울릉도,,,,,,
"		0",전국,2018-07-07,0.2,4.1,대관령,1.5,속초,,,,,,
"		0",전국,2018-07-06,5,38.1,제주,13.6,제주,,,,,,
"		0",전국,2018-07-05,11.1,81.9,진주,34.2,진주,,,,,,
"		0",전국,2018-07-04,10.1,69.4,구미,38.9,영월,구미,,,,,
"		0",전국,2018-07-03,12.2,137,거제,27,경주시,,,,,,
"		0",전국,2018-07-02,44.3,130.5,양평,52.6,여수,,,,,,
"		0",전국,2018-07-01,67.4,210.8,군산,44.1,흑산도,,,,,,
"		0",전국,2018-06-30,12.4,181,성산,41.1,성산,,,,,,
"		0",전국,2018-06-29,2.6,46.4,서귀포,44.3,광주,,,,,,
"		0",전국,2018-06-28,39.1,201.5,거제,63,강진군,,,,,,
"		0",전국,2018-06-27,31.4,122,고창군,41,남원,,,,,,
"		0",전국,2018-06-26,29.4,139.3,서산,60,서산,,,,,,
"		0",전국,2018-06-25,0,0,백령도,성산,서귀포,0,백령도,성산,서귀포,,
"		0",전국,2018-06-24,0,,,,,,,,,,
"		0",전국,2018-06-23,0,1.7,성산,1.2,제주,,,,,,
"		0",전국,2018-06-22,0,1,서귀포,0.7,서귀포,,,,,,
"		0",전국,2018-06-21,0,,,,,,,,,,
"		0",전국,2018-06-20,0,1.2,성산,1.2,성산,,,,,,
"		0",전국,2018-06-19,3.2,51.8,서귀포,11.3,성산,,,,,,
"		0",전국,2018-06-18,0,0.2,정선군,0.2,정선군,,,,,,
"		0",전국,2018-06-17,0,,,,,,,,,,
"		0",전국,2018-06-16,0,0,포항,영덕,경주시,0,포항,영덕,경주시,,
"		0",전국,2018-06-15,0.6,16.5,서울,11.5,서울,,,,,,
"		0",전국,2018-06-14,1.6,45.1,동두천,20,동두천,,,,,,
"		0",전국,2018-06-13,0,5.6,백령도,4.4,백령도,,,,,,
"		0",전국,2018-06-12,0.9,19.4,진주,15.2,남원,,,,,,
"		0",전국,2018-06-11,7,51,거제,29,순창군,,,,,,
"		0",전국,2018-06-10,1.2,10.4,대관령,8.2,홍성,,,,,,
"		0",전국,2018-06-09,1.1,16.7,인천,14.1,인천,,,,,,
"		0",전국,2018-06-08,0,0,백령도,0,백령도,,,,,,
"		0",전국,2018-06-07,0,,,,,,,,,,
"		0",전국,2018-06-06,0,,,,,,,,,,
"		0",전국,2018-06-05,1.4,56.3,성산,10.5,성산,,,,,,
"		0",전국,2018-06-04,0,1.1,충주,1.1,충주,,,,,,
"		0",전국,2018-06-03,0,0,거창,0,거창,,,,,,
"		0",전국,2018-06-02,0,,,,,,,,,,
"		0",전국,2018-06-01,0,,,,,,,,,,
"		0",전국,2018-05-31,0,0.1,정선군,0.1,정선군,,,,,,
"		0",전국,2018-05-30,2.2,25.5,이천,20.1,이천,,,,,,
"		0",전국,2018-05-29,1.5,40.4,구미,40.4,구미,,,,,,
"		0",전국,2018-05-28,0.6,15,광양시,8.1,여수,,,,,,
"		0",전국,2018-05-27,0,4.2,서귀포,2.6,서귀포,,,,,,
"		0",전국,2018-05-26,0,12.1,성산,5.1,성산,,,,,,
"		0",전국,2018-05-25,0,2.2,서귀포,1.6,서귀포,,,,,,
"		0",전국,2018-05-24,0,,,,,,,,,,
"		0",전국,2018-05-23,13.5,37.5,서귀포,15.6,서귀포,,,,,,
"		0",전국,2018-05-22,6.6,21.9,흑산도,6.5,남해,,,,,,
"		0",전국,2018-05-21,0,0,울산,제주,인제,0,울산,,,,
"		0",전국,2018-05-20,0,1,성산,1,성산,,,,,,
"		0",전국,2018-05-19,0.1,2,순창군,1,부안,순창군,,,,,
"		0",전국,2018-05-18,9.5,81.5,대관령,55.5,고산,,,,,,
"		0",전국,2018-05-17,17.3,158.5,홍천,63.5,홍천,,,,,,
"		0",전국,2018-05-16,5.9,54.9,파주,35,서울,,,,,,
"		0",전국,2018-05-15,0,1.8,백령도,1.8,백령도,,,,,,
"		0",전국,2018-05-14,0,0,백령도,울릉도,0,백령도,울릉도,,,,
"		0",전국,2018-05-13,3.3,73.5,서귀포,21.5,서귀포,,,,,,
"		0",전국,2018-05-12,16.7,54.1,서산,11.7,고산,,,,,,
"		0",전국,2018-05-11,0,0.6,서귀포,0.6,서귀포,,,,,,
"		0",전국,2018-05-10,0,0,백령도,0,백령도,,,,,,
"		0",전국,2018-05-09,0,1.7,진도(첨찰산),0.9,진도(첨찰산),,,,,,
"		0",전국,2018-05-08,0.5,14.6,속초,4.5,속초,,,,,,
"		0",전국,2018-05-07,12,36,함양군,11.3,완도,,,,,,
"		0",전국,2018-05-06,19.5,161,서귀포,28.6,서귀포,,,,,,
"		0",전국,2018-05-05,0,0.9,흑산도,0.9,흑산도,,,,,,
"		0",전국,2018-05-04,0,,,,,,,,,,
"		0",전국,2018-05-03,0.9,15.3,원주,6,제천,,,,,,
"		0",전국,2018-05-02,12.9,40.5,영주,16.2,전주,,,,,,
"		0",전국,2018-05-01,0.5,8,영주,7.5,영주,,,,,,
"		0",전국,2018-04-30,0,53.7,서귀포,11.5,서귀포,,,,,,
"		0",전국,2018-04-29,0,0,제주,고산,고흥,광양시,0,제주,고산,고흥,
"		0",전국,2018-04-28,0,,,,,,,,,,
"		0",전국,2018-04-27,0,0,인천,0,인천,,,,,,
"		0",전국,2018-04-26,0,,,,,,,,,,
"		0",전국,2018-04-25,0.1,1.7,제주,1.5,서귀포,,,,,,
"		0",전국,2018-04-24,10.5,70.5,거제,22.3,제주,,,,,,
"		0",전국,2018-04-23,45.9,144.5,서귀포,32.5,서귀포,,,,,,
"		0",전국,2018-04-22,4.7,51.7,백령도,21.8,완도,,,,,,
"		0",전국,2018-04-21,0,0,흑산도,0,흑산도,,,,,,
"		0",전국,2018-04-20,0,,,,,,,,,,
"		0",전국,2018-04-19,0,,,,,,,,,,
"		0",전국,2018-04-18,0,,,,,,,,,,
"		0",전국,2018-04-17,0,0.1,성산,0.1,성산,,,,,,
"		0",전국,2018-04-16,0,0.2,태백,0.2,태백,,,,,,
"		0",전국,2018-04-15,0,0.1,강릉,동해,0.1,강릉,동해,,,,
"		0",전국,2018-04-14,22.9,59,거제,18.5,거제,,,,,,
"		0",전국,2018-04-13,0,1.6,흑산도,1.6,흑산도,,,,,,
"		0",전국,2018-04-12,0,,,,,,,,,,
"		0",전국,2018-04-11,2.3,14.6,대전,14.6,대전,,,,,,
"		0",전국,2018-04-10,1.7,13.5,홍천,10.3,청주,,,,,,
"		0",전국,2018-04-09,0,0.5,영월,봉화,0.5,영월,봉화,,,,
"		0",전국,2018-04-08,0.8,8.5,인제,2.5,서울,강화,양평,인제,,,
"		0",전국,2018-04-07,0.3,17,울릉도,3.8,울릉도,,,,,,
"		0",전국,2018-04-06,16.9,36.3,울릉도,10,거제,,,,,,
"		0",전국,2018-04-05,12.6,29,추풍령,부안,9,목포,,,,,
"		0",전국,2018-04-04,14.9,31,영주,13,영월,영주,,,,,
"		0",전국,2018-04-03,0.1,9.3,백령도,9.1,백령도,,,,,,
"		0",전국,2018-04-02,0,0,원주,0,원주,,,,,,
"		0",전국,2018-04-01,0,0,철원,인천,원주,청주,0,철원,인천,원주,청주
"		0",전국,2018-03-31,0,,,,,,,,,,
"		0",전국,2018-03-30,0,,,,,,,,,,
"		0",전국,2018-03-29,0,,,,,,,,,,
"		0",전국,2018-03-28,0,,,,,,,,,,
"		0",전국,2018-03-27,0,,,,,,,,,,
"		0",전국,2018-03-26,0,0,백령도,,,,,,,,
"		0",전국,2018-03-25,0,0,백령도,,,,,,,,
"		0",전국,2018-03-24,0,0,강화,,,,,,,,
"		0",전국,2018-03-23,0,,,,,,,,,,
"		0",전국,2018-03-22,0,0.7,추풍령,,,,,,,,
"		0",전국,2018-03-21,8.6,41.9,울산,,,,,,,,
"		0",전국,2018-03-20,0.6,16.9,성산,,,,,,,,
"		0",전국,2018-03-19,19.9,51,남해,,,,,,,,
"		0",전국,2018-03-18,6,25.1,목포,흑산도,,,,,,,
"		0",전국,2018-03-17,0,,,,,,,,,,
"		0",전국,2018-03-16,0.7,4,광양시,,,,,,,,
"		0",전국,2018-03-15,23.9,109,남해,,,,,,,,
"		0",전국,2018-03-14,0,0.6,서산,,,,,,,,
"		0",전국,2018-03-13,0,0,백령도,,,,,,,,
"		0",전국,2018-03-12,0,,,,,,,,,,
"		0",전국,2018-03-11,0,,,,,,,,,,
"		0",전국,2018-03-10,0,,,,,,,,,,
"		0",전국,2018-03-09,0.1,3,울진,,,,,,,,
"		0",전국,2018-03-08,16.7,47,남해,,,,,,,,
"		0",전국,2018-03-07,5.1,34.3,성산,,,,,,,,
"		0",전국,2018-03-06,0,0,북강릉,울릉도,울진,,,,,,
"		0",전국,2018-03-05,12.1,36,강릉,,,,,,,,
"		0",전국,2018-03-04,16,44.5,거제,,,,,,,,
"		0",전국,2018-03-03,0,4,서귀포,,,,,,,,
"		0",전국,2018-03-02,0,0,울릉도,,,,,,,,
"		0",전국,2018-03-01,0.9,28.2,울릉도,,,,,,,,
"		0",전국,2018-02-28,29.2,72.2,성산,,,,,,,,
"		0",전국,2018-02-27,0,0,백령도,,,,,,,,
"		0",전국,2018-02-26,0,0.3,울릉도,,,,,,,,
"		0",전국,2018-02-25,0,1,울산,,,,,,,,
"		0",전국,2018-02-24,0.1,5.4,속초,,,,,,,,
"		0",전국,2018-02-23,1,7.3,동두천,,,,,,,,
"		0",전국,2018-02-22,0.1,3,강화,,,,,,,,
"		0",전국,2018-02-21,0,3.3,울릉도,,,,,,,,
"		0",전국,2018-02-20,0,0.1,수원,,,,,,,,
"		0",전국,2018-02-19,0,3.1,성산,,,,,,,,
"		0",전국,2018-02-18,0,0.9,제주,,,,,,,,
"		0",전국,2018-02-17,0,0,원주,울릉도,태백,,,,,,
"		0",전국,2018-02-16,0,0,서귀포,,,,,,,,
"		0",전국,2018-02-15,0,0.2,서귀포,,,,,,,,
"		0",전국,2018-02-14,0,0,북춘천,울릉도,정선군,,,,,,
"		0",전국,2018-02-13,0.1,1.1,추풍령,,,,,,,,
"		0",전국,2018-02-12,0.4,4.2,군산,,,,,,,,
"		0",전국,2018-02-11,0.7,5.1,서산,,,,,,,,
"		0",전국,2018-02-10,0,3.6,성산,,,,,,,,
"		0",전국,2018-02-09,0,0.2,울산,부산,,,,,,,
"		0",전국,2018-02-08,0,13.1,성산,,,,,,,,
"		0",전국,2018-02-07,0,35.5,울릉도,,,,,,,,
"		0",전국,2018-02-06,0.1,26.3,울릉도,,,,,,,,
"		0",전국,2018-02-05,0.1,11.3,성산,,,,,,,,
"		0",전국,2018-02-04,0.2,27.2,울릉도,,,,,,,,
"		0",전국,2018-02-03,0.3,5.2,울릉도,,,,,,,,
"		0",전국,2018-02-02,0,1.1,백령도,,,,,,,,
"		0",전국,2018-02-01,0,0,울릉도,목포,제주,고산,,,,,
"		0",전국,2018-01-31,0,1.5,울릉도,인제,,,,,,,
"		0",전국,2018-01-30,0.1,2.9,서울,,,,,,,,
"		0",전국,2018-01-29,0.1,2.9,울릉도,,,,,,,,
"		0",전국,2018-01-28,0,2,제주,,,,,,,,
"		0",전국,2018-01-27,0,0.4,울릉도,,,,,,,,
"		0",전국,2018-01-26,0,12.1,울릉도,,,,,,,,
"		0",전국,2018-01-25,0,7.4,울릉도,,,,,,,,
"		0",전국,2018-01-24,0,8.4,울릉도,,,,,,,,
"		0",전국,2018-01-23,0,1.8,울릉도,,,,,,,,
"		0",전국,2018-01-22,1.2,5.8,동두천,,,,,,,,
"		0",전국,2018-01-21,0,,,,,,,,,,
"		0",전국,2018-01-20,0,0,대관령,,,,,,,,
"		0",전국,2018-01-19,0,,,,,,,,,,
"		0",전국,2018-01-18,0,0.3,홍성,,,,,,,,
"		0",전국,2018-01-17,5,12.3,상주,,,,,,,,
"		0",전국,2018-01-16,7,40.9,성산,,,,,,,,
"		0",전국,2018-01-15,0,1.4,파주,,,,,,,,
"		0",전국,2018-01-14,0,2.2,성산,,,,,,,,
"		0",전국,2018-01-13,0.1,6.5,울릉도,,,,,,,,
"		0",전국,2018-01-12,0,6.7,성산,,,,,,,,
"		0",전국,2018-01-11,0.8,21.3,성산,,,,,,,,
"		0",전국,2018-01-10,2.2,16,영광군,,,,,,,,
"		0",전국,2018-01-09,1.4,11.5,임실,,,,,,,,
"		0",전국,2018-01-08,2.4,10.5,완도,,,,,,,,
"		0",전국,2018-01-07,0.5,5.6,흑산도,,,,,,,,
"		0",전국,2018-01-06,0,1.9,울릉도,,,,,,,,
"		0",전국,2018-01-05,0,4.5,고산,,,,,,,,
"		0",전국,2018-01-04,0,5,울릉도,,,,,,,,
"		0",전국,2018-01-03,0,3.8,울릉도,,,,,,,,
"		0",전국,2018-01-02,0,0,울릉도,군산,전주,보령,,,,,
"		0",전국,2018-01-01,0,0,울릉도,완도,,,,,,,
"		",,,,,,,,,,,,,
"	",,,,,,,,,,,,,
"	",,,,,,,,,,,,,
"	",,,,,,,,,,,,,
"	",,,,,,,,,,,,,
