"		지역번호",지역명,일시,평균기온(℃),평균최고기온(℃),최고기온(℃),최고기온관측지점,평균최저기온(℃),최저기온(℃),최저기온관측지점일교차,,,,
"		0",전국,2019-12-31,-3.8,0.4,10.7,서귀포,-6.7,-14.4,대관령,25.1,,,
"		0",전국,2019-12-30,5,9.8,15.5,서귀포,0.1,-7.5,파주,23,,,
"		0",전국,2019-12-29,2.6,6.6,17.3,서귀포,-2.4,-8.9,대관령,26.2,,,
"		0",전국,2019-12-28,0.5,7.5,11.6,고산,-4.9,-11.7,대관령,제천,23.3,,
"		0",전국,2019-12-27,0.6,5.1,9.6,서귀포,-3.2,-11.3,제천,20.9,,,
"		0",전국,2019-12-26,3.7,6.1,13.9,성산,1.4,-4.9,대관령,18.8,,,
"		0",전국,2019-12-25,3.5,10.9,16.3,부산,양산시,-3.2,-10.4,대관령,26.7,,
"		0",전국,2019-12-24,2.1,9,14.4,서귀포,-2,-10.9,대관령,25.3,,,
"		0",전국,2019-12-23,3.8,8.7,15.3,서귀포,-1,-6.6,대관령,21.9,,,
"		0",전국,2019-12-22,3,9,12.5,전주,-1.1,-6.9,대관령,19.4,,,
"		0",전국,2019-12-21,0.2,4.7,11.9,성산,-4.1,-10,철원,21.9,,,
"		0",전국,2019-12-20,1,5.4,11.9,서귀포,-3,-9,대관령,20.9,,,
"		0",전국,2019-12-19,2.2,6.8,13.1,서귀포,-1.3,-7.9,파주,21,,,
"		0",전국,2019-12-18,4.6,8.5,15.7,부산,1.8,-4.6,파주,20.3,,,
"		0",전국,2019-12-17,8.3,12.5,19.8,서귀포,3.9,-1.6,청송군,21.4,,,
"		0",전국,2019-12-16,7.1,14.1,18.8,고산,1,-4.5,정선군,청송군,23.3,,
"		0",전국,2019-12-15,4.7,12.4,17.8,고산,-1.5,-10.2,대관령,28,,,
"		0",전국,2019-12-14,4,9,17.2,서귀포,-0.1,-6,대관령,23.2,,,
"		0",전국,2019-12-13,1.6,8.1,15.7,성산,-4.6,-9.9,대관령,제천,25.6,,
"		0",전국,2019-12-12,1.7,6.1,12.4,서귀포,-2.4,-8.7,대관령,21.1,,,
"		0",전국,2019-12-11,6.9,13.3,19.2,성산,1.8,-4.9,대관령,24.1,,,
"		0",전국,2019-12-10,6.5,13.4,19,성산,1.5,-5.6,청송군,24.6,,,
"		0",전국,2019-12-09,3,10.1,15.7,성산,-3.6,-9.6,제천,청송군,25.3,,
"		0",전국,2019-12-08,1.4,8,13.1,서귀포,-3.3,-13.9,대관령,27,,,
"		0",전국,2019-12-07,0.1,6.1,11.7,서귀포,-6.5,-12.1,대관령,23.8,,,
"		0",전국,2019-12-06,-3.2,2.3,10.4,서귀포,-7.7,-15.6,철원,26,,,
"		0",전국,2019-12-05,0.2,4.8,13.2,서귀포,-4.4,-14.5,대관령,27.7,,,
"		0",전국,2019-12-04,4.2,9.5,15.5,고산,-0.3,-8,철원,23.5,,,
"		0",전국,2019-12-03,2.4,6.8,11.9,서귀포,-2.7,-9.2,철원,21.1,,,
"		0",전국,2019-12-02,3.6,6.8,14.9,서귀포,0.2,-7.2,대관령,22.1,,,
"		0",전국,2019-12-01,6.3,8.1,17.5,고산,4.7,-0.3,파주,17.8,,,
"		0",전국,2019-11-30,5.4,12.7,18,제주,-1.5,-8.2,대관령,26.2,,,
"		0",전국,2019-11-29,3.4,9.9,16,서귀포,-1.2,-7.5,파주,23.5,,,
"		0",전국,2019-11-28,4.7,10.4,16.9,서귀포,0.3,-4.3,파주,21.2,,,
"		0",전국,2019-11-27,6.2,9.7,15.4,성산,2.6,-4,파주,19.4,,,
"		0",전국,2019-11-26,7.7,13.5,17.2,김해시,2.6,-4,대관령,21.2,,,
"		0",전국,2019-11-25,5.9,10.6,17.8,서귀포,3.3,-4.1,파주,21.9,,,
"		0",전국,2019-11-24,12.8,19.6,23.8,강릉,7.4,1.3,북춘천,봉화,22.5,,
"		0",전국,2019-11-23,10.8,18.2,22.4,고산,4.7,-4.6,대관령,27,,,
"		0",전국,2019-11-22,9.3,17.3,22.3,고산,2.8,-3.4,북춘천,25.7,,,
"		0",전국,2019-11-21,5,12.2,18.7,고산,-2.6,-9.7,대관령,28.4,,,
"		0",전국,2019-11-20,2.6,8.9,14.7,서귀포,-2.1,-9.2,대관령,23.9,,,
"		0",전국,2019-11-19,3.7,7,13.4,서귀포,0.6,-6.1,대관령,19.5,,,
"		0",전국,2019-11-18,8.7,16.4,22.7,제주,3.4,-4.7,대관령,27.4,,,
"		0",전국,2019-11-17,11,15.4,24.3,제주,6.1,-2,대관령,26.3,,,
"		0",전국,2019-11-16,10.3,17.1,21.7,성산,5.1,-0.7,대관령,22.4,,,
"		0",전국,2019-11-15,7.2,14,18.1,흑산도,-1,-7.1,봉화,25.2,,,
"		0",전국,2019-11-14,3.7,8.6,15.2,서귀포,-0.7,-6.5,대관령,21.7,,,
"		0",전국,2019-11-13,8.9,13.9,19.1,성산,3.7,-2.5,대관령,21.6,,,
"		0",전국,2019-11-12,9.7,16.6,19.6,김해시,4.8,-1.8,대관령,21.4,,,
"		0",전국,2019-11-11,12.1,16.9,20.1,고산,양산시,7.8,2.3,대관령,17.8,,
"		0",전국,2019-11-10,9.4,15.8,21.3,강릉,3,-3.8,대관령,25.1,,,
"		0",전국,2019-11-09,8.5,17.3,20.5,양산시,1.6,-4.6,대관령,25.1,,,
"		0",전국,2019-11-08,7.8,15.3,20.1,통영,2.3,-5,파주,25.1,,,
"		0",전국,2019-11-07,10.8,16.9,20.8,서귀포,5.7,-1.3,파주,22.1,,,
"		0",전국,2019-11-06,11.3,18.6,21.9,경주시,5.5,-1.8,대관령,23.7,,,
"		0",전국,2019-11-05,11.7,19.1,23.3,강릉,6,-1.3,대관령,24.6,,,
"		0",전국,2019-11-04,12.5,18.9,21.3,서귀포,7.6,0.6,대관령,20.7,,,
"		0",전국,2019-11-03,13.8,20.5,22.8,보성군,함양군,9.4,2.7,대관령,20.1,,
"		0",전국,2019-11-02,13.5,19.9,23.2,김해시,7.7,0.4,대관령,22.8,,,
"		0",전국,2019-11-01,14.3,21.8,24.7,산청,9,2.9,대관령,21.8,,,
"		0",전국,2019-10-31,13.3,20.7,23,울진,광양시,합천,6.1,-0.1,청송군,23.1,
"		0",전국,2019-10-30,11.3,18.3,22.7,강릉,5.7,-1.2,대관령,23.9,,,
"		0",전국,2019-10-29,13.2,18.8,23.1,서귀포,8,2.7,철원,20.4,,,
"		0",전국,2019-10-28,11.5,18.5,21.6,강릉,4.5,-1.9,대관령,23.5,,,
"		0",전국,2019-10-27,10.7,17.4,20.5,강릉,5.4,-1.5,대관령,22,,,
"		0",전국,2019-10-26,12.8,17,22.6,양산시,8.9,0.6,대관령,22,,,
"		0",전국,2019-10-25,16.9,22.7,25.6,의성,12,7.3,장수,18.3,,,
"		0",전국,2019-10-24,17.4,22.1,25.2,강진군,13.6,9.5,대관령,15.7,,,
"		0",전국,2019-10-23,16,20,23.2,고산,서귀포,12.1,4.1,대관령,19.1,,
"		0",전국,2019-10-22,15.9,22.9,24.7,전주,10.3,3.3,대관령,21.4,,,
"		0",전국,2019-10-21,15.3,23,25,김해시,9.5,1.1,대관령,23.9,,,
"		0",전국,2019-10-20,15.1,22.6,24.9,강릉,10.4,3.9,대관령,21,,,
"		0",전국,2019-10-19,16.2,22.6,25.3,광양시,11.6,7.2,북춘천,18.1,,,
"		0",전국,2019-10-18,15.3,19.5,23.4,동두천,파주,11,5.8,대관령,17.6,,
"		0",전국,2019-10-17,14,19.9,23.6,서귀포,9.5,2.2,대관령,21.4,,,
"		0",전국,2019-10-16,13.3,20.4,22.8,강릉,8.1,3,대관령,19.8,,,
"		0",전국,2019-10-15,13.3,18.8,22.5,서귀포,8.5,3.3,대관령,19.2,,,
"		0",전국,2019-10-14,14.7,21.3,25.6,양산시,9.3,5.1,대관령,20.5,,,
"		0",전국,2019-10-13,15.9,22.3,25.4,전주,10.6,4.7,장수,20.7,,,
"		0",전국,2019-10-12,18,23.4,26.5,장흥,거제,13.5,8.9,장수,17.6,,
"		0",전국,2019-10-11,17.9,24.8,27.8,김해시,11.9,4.1,대관령,23.7,,,
"		0",전국,2019-10-10,14.9,21.6,26.2,양산시,8.6,2.7,대관령,23.5,,,
"		0",전국,2019-10-09,13.3,21.2,24.3,김해시,양산시,6.8,0.3,대관령,24,,
"		0",전국,2019-10-08,15.9,22,24.6,양산시,10.3,2.9,대관령,21.7,,,
"		0",전국,2019-10-07,15.5,17.7,25.3,성산,13.8,6.1,대관령,19.2,,,
"		0",전국,2019-10-06,17.3,21.8,26,고산,13.4,5.4,대관령,20.6,,,
"		0",전국,2019-10-05,18.9,22.6,28.5,양산시,15.5,8.3,대관령,20.2,,,
"		0",전국,2019-10-04,21.2,26.9,29.5,의성,17.1,11.6,대관령,태백,17.9,,
"		0",전국,2019-10-03,22,26.3,29.9,거제,18.7,14.3,태백,15.6,,,
"		0",전국,2019-10-02,21.1,22.9,27.3,제주,성산,19.8,14.4,대관령,12.9,,
"		0",전국,2019-10-01,21.5,24.9,29.9,북춘천,18.4,8.9,대관령,21,,,
"		0",전국,2019-09-30,21.6,28.2,30.9,의성,영천,16.4,6.6,대관령,24.3,,
"		0",전국,2019-09-29,22.2,28.5,31.5,합천,18,10.8,대관령,20.7,,,
"		0",전국,2019-09-28,22.5,27.4,29.8,보은,19.3,12.6,대관령,17.2,,,
"		0",전국,2019-09-27,21.4,26.9,29.5,부여,부안,16.8,7,대관령,22.5,,
"		0",전국,2019-09-26,20.4,26.2,29.5,김해시,16,9.3,대관령,20.2,,,
"		0",전국,2019-09-25,18.4,24.8,27.4,서울,12.6,5.2,대관령,22.2,,,
"		0",전국,2019-09-24,17.8,25,27.4,김해시,합천,12.6,4.4,대관령,23,,
"		0",전국,2019-09-23,18.1,22.5,25.4,장흥,14.4,6.5,대관령,18.9,,,
"		0",전국,2019-09-22,17.5,19.1,24.1,서귀포,16.1,10.8,대관령,13.3,,,
"		0",전국,2019-09-21,17.8,20.7,23.2,포항,16,11.1,대관령,12.1,,,
"		0",전국,2019-09-20,19.3,23.7,28.2,김해시,15,7.1,대관령,21.1,,,
"		0",전국,2019-09-19,19.2,25.6,27.8,김해시,13.5,8.2,장수,19.6,,,
"		0",전국,2019-09-18,21,27.9,31.7,양산시,15.4,10.9,철원,20.8,,,
"		0",전국,2019-09-17,21.3,27.8,30.7,순창군,15.5,6.3,대관령,24.4,,,
"		0",전국,2019-09-16,22.4,28.2,30.5,서울,18.1,8.5,대관령,22,,,
"		0",전국,2019-09-15,23.4,28.8,31.7,김해시,19.7,12.1,대관령,19.6,,,
"		0",전국,2019-09-14,22.3,27.5,31.7,양산시,17.4,12.4,태백,봉화,19.3,,
"		0",전국,2019-09-13,21.7,27.4,29.7,홍천,17.1,10.3,대관령,19.4,,,
"		0",전국,2019-09-12,20.8,23.5,29.4,고산,18.6,12.5,대관령,16.9,,,
"		0",전국,2019-09-11,23.9,27.8,32.9,거제,21.5,14.8,대관령,18.1,,,
"		0",전국,2019-09-10,25.4,29.6,33,의성,22.5,16.6,대관령,16.4,,,
"		0",전국,2019-09-09,24.7,28.3,34.2,양산시,22.4,18,대관령,16.2,,,
"		0",전국,2019-09-08,24.6,28.5,32,김해시,21.8,18.2,대관령,13.8,,,
"		0",전국,2019-09-07,25.8,29.1,33.4,강릉,22.6,20,백령도,장수,13.4,,
"		0",전국,2019-09-06,25.4,28.9,31.5,통영,정선군,22.1,18.3,대관령,13.2,,
"		0",전국,2019-09-05,24.2,29,33,경주시,21.8,18.5,대관령,14.5,,,
"		0",전국,2019-09-04,23.4,26.2,30.4,군산,21.4,16.7,대관령,13.7,,,
"		0",전국,2019-09-03,22.1,24.8,28.1,백령도,인천,강화,20.1,14.6,대관령,13.5,
"		0",전국,2019-09-02,21.6,25.1,29.8,강화,19.1,13.6,대관령,16.2,,,
"		0",전국,2019-09-01,22.1,26.8,28.7,강릉,영덕,18,12,대관령,16.7,,
"		0",전국,2019-08-31,22.6,28.5,30.6,김해시,17.6,12.4,봉화,18.2,,,
"		0",전국,2019-08-30,22.9,28.1,31,양산시,18.6,14,봉화,17,,,
"		0",전국,2019-08-29,22.4,25.7,30.4,강릉,19.9,14.6,대관령,15.8,,,
"		0",전국,2019-08-28,23.8,27.7,30.7,강릉,21,14.3,대관령,16.4,,,
"		0",전국,2019-08-27,22.7,25.4,31,제주,20.5,14.1,대관령,16.9,,,
"		0",전국,2019-08-26,24.3,30,32.2,양산시,19,13.1,대관령,19.1,,,
"		0",전국,2019-08-25,23.2,28.7,31.2,의성,18.9,12.5,대관령,18.7,,,
"		0",전국,2019-08-24,22.8,27.6,30.3,경주시,18.9,13.7,대관령,장수,16.6,,
"		0",전국,2019-08-23,24.7,29.5,32.5,강릉,20.8,14.1,대관령,18.4,,,
"		0",전국,2019-08-22,25.8,30.3,33,합천,23,19.1,대관령,13.9,,,
"		0",전국,2019-08-21,25.8,30.1,33,의성,22.5,15.6,대관령,17.4,,,
"		0",전국,2019-08-20,26,30.9,33.2,순창군,21.7,13.1,대관령,20.1,,,
"		0",전국,2019-08-19,25.1,30.8,32.9,양산시,밀양,20,12.3,대관령,20.6,,
"		0",전국,2019-08-18,25.3,30.8,34.3,영천,합천,21.1,14.5,대관령,19.8,,
"		0",전국,2019-08-17,26.2,31,35.1,대구,22,17.7,장수,거창,17.4,,
"		0",전국,2019-08-16,26.4,30.7,34.3,양산시,23.3,19.3,대관령,봉화,15,,
"		0",전국,2019-08-15,26.1,29.1,33.3,남해,24.2,20.2,대관령,13.1,,,
"		0",전국,2019-08-14,28.6,33,36.4,이천,24.7,20.3,대관령,16.1,,,
"		0",전국,2019-08-13,28.5,33.7,36.9,의성,24.3,18.5,대관령,18.4,,,
"		0",전국,2019-08-12,27.7,31,35.7,의성,25.3,21.1,대관령,14.6,,,
"		0",전국,2019-08-11,28.3,32.3,36.2,홍천,24.8,20.1,대관령,16.1,,,
"		0",전국,2019-08-10,28.6,33.4,37.1,홍천,24.5,18.6,대관령,18.5,,,
"		0",전국,2019-08-09,28.3,33.6,36.1,영천,24.2,19.2,대관령,16.9,,,
"		0",전국,2019-08-08,27.6,33.2,36.1,대구,24.2,18.8,대관령,17.3,,,
"		0",전국,2019-08-07,27.2,32.1,35.6,경주시,23.8,20.7,대관령,14.9,,,
"		0",전국,2019-08-06,27.6,32.1,36.8,서울,23.8,16.8,대관령,20,,,
"		0",전국,2019-08-05,28.8,34.6,37.6,의성,24.2,18.6,대관령,19,,,
"		0",전국,2019-08-04,28.4,34.2,36.9,양산시,23.9,18.1,대관령,18.8,,,
"		0",전국,2019-08-03,28.3,34.1,36.7,청주,24.2,18.2,대관령,18.5,,,
"		0",전국,2019-08-02,28.8,34.2,37.5,경주시,24.3,19.2,대관령,18.3,,,
"		0",전국,2019-08-01,28.4,33.1,36.7,경주시,24.6,21.1,대관령,15.6,,,
"		0",전국,2019-07-31,28.4,32.2,36.5,포항,25.2,22.3,청송군,14.2,,,
"		0",전국,2019-07-30,28.4,32.5,36,대구,24.7,20.6,추풍령,15.4,,,
"		0",전국,2019-07-29,27.8,32.1,35.2,경주시,24.3,21.6,장수,13.6,,,
"		0",전국,2019-07-28,26.9,29.9,34.6,포항,25,21.9,백령도,12.7,,,
"		0",전국,2019-07-27,27.1,30.5,35.2,홍천,24.6,19.2,흑산도,16,,,
"		0",전국,2019-07-26,26.5,29.2,34.3,영덕,24.7,19.8,백령도,14.5,,,
"		0",전국,2019-07-25,26.6,29.2,34,울진,24.8,20.5,백령도,13.5,,,
"		0",전국,2019-07-24,26.8,29.7,34.2,강릉,24.8,20.3,백령도,13.9,,,
"		0",전국,2019-07-23,27.9,32.8,36.1,속초,24.2,20.1,백령도,16,,,
"		0",전국,2019-07-22,27,31.6,35,속초,강릉,23.2,19.8,흑산도,15.2,,
"		0",전국,2019-07-21,24.8,27.8,31.3,울진,22.6,18.8,울진,12.5,,,
"		0",전국,2019-07-20,24.8,27.1,32.2,수원,23.2,19.2,대관령,13,,,
"		0",전국,2019-07-19,25.2,28.5,35.4,홍천,22.1,15.8,대관령,19.6,,,
"		0",전국,2019-07-18,24.3,27.8,33.4,홍천,21.4,17.8,태백,15.6,,,
"		0",전국,2019-07-17,24.4,28.8,32.2,영광군,20.7,16.7,청송군,15.5,,,
"		0",전국,2019-07-16,23.8,28.7,31.2,양평,이천,20.3,16.8,대관령,14.4,,
"		0",전국,2019-07-15,23.2,27.1,30.2,영광군,20.6,16.5,대관령,13.7,,,
"		0",전국,2019-07-14,23.9,29.1,32.6,영월,20.2,13.8,대관령,18.8,,,
"		0",전국,2019-07-13,23.3,27.8,31.2,홍천,20.1,14.8,대관령,16.4,,,
"		0",전국,2019-07-12,23.2,27.9,32,양산시,19.6,15,대관령,17,,,
"		0",전국,2019-07-11,22.2,25.6,29.8,밀양,19.7,15.5,대관령,14.3,,,
"		0",전국,2019-07-10,20.9,23.3,27.3,서울,19.2,13.5,대관령,13.8,,,
"		0",전국,2019-07-09,22.6,27,30.5,영월,18.4,12.4,봉화,18.1,,,
"		0",전국,2019-07-08,22.6,27.3,31,서울,18.9,13.9,봉화,17.1,,,
"		0",전국,2019-07-07,23.5,28.2,32.5,서울,19.8,14.3,대관령,18.2,,,
"		0",전국,2019-07-06,25.1,31.3,36.1,서울,19,13.5,봉화,청송군,22.6,,
"		0",전국,2019-07-05,25.1,32,36.9,영월,19.1,13,대관령,23.9,,,
"		0",전국,2019-07-04,24.4,31.2,35.5,홍천,18.4,13.6,대관령,21.9,,,
"		0",전국,2019-07-03,23.1,28.5,31.4,홍천,18.4,11.8,대관령,19.6,,,
"		0",전국,2019-07-02,23.4,29.2,32.1,양평,합천,18.5,12.8,대관령,19.3,,
"		0",전국,2019-07-01,23.2,26.9,31.3,강릉,19.9,16.2,봉화,15.1,,,
"		0",전국,2019-06-30,23.8,28.5,33.3,강릉,20.1,15,대관령,18.3,,,
"		0",전국,2019-06-29,21.6,24.1,29.8,제주,19.9,16.2,대관령,13.6,,,
"		0",전국,2019-06-28,23.6,28.1,31.9,영월,20.7,12.3,대관령,19.6,,,
"		0",전국,2019-06-27,23.8,28.8,33.1,북춘천,20.6,14.3,대관령,18.8,,,
"		0",전국,2019-06-26,21.1,24.4,29.5,서울,홍천,18,12.2,봉화,17.3,,
"		0",전국,2019-06-25,23.6,30.4,33.9,의성,17.1,10.8,대관령,23.1,,,
"		0",전국,2019-06-24,22.5,28.4,32.4,의성,17.2,9.6,대관령,22.8,,,
"		0",전국,2019-06-23,21.6,27.3,31.1,홍천,16.4,7.6,대관령,23.5,,,
"		0",전국,2019-06-22,21.7,27.1,31,수원,17.4,9.1,대관령,21.9,,,
"		0",전국,2019-06-21,22.8,28.7,33.8,합천,18.5,12,대관령,21.8,,,
"		0",전국,2019-06-20,23.4,29.2,34,강릉,18.2,11.1,대관령,22.9,,,
"		0",전국,2019-06-19,22.2,27.5,30.8,양산시,18.3,15.3,대관령,15.5,,,
"		0",전국,2019-06-18,21.3,26.2,30.6,대구,17.3,13.5,봉화,청송군,17.1,,
"		0",전국,2019-06-17,21.3,26.8,30.5,의성,16.8,11.8,대관령,18.7,,,
"		0",전국,2019-06-16,20.2,26.1,28.7,합천,산청,15.2,11.1,대관령,17.6,,
"		0",전국,2019-06-15,20.4,26.4,29.5,대구,의성,16.1,9,대관령,20.5,,
"		0",전국,2019-06-14,20.2,24.7,29.1,춘천,16.8,10.8,대관령,18.3,,,
"		0",전국,2019-06-13,21.2,28,32.2,의성,14.7,6.9,대관령,25.3,,,
"		0",전국,2019-06-12,19.7,25.9,29.9,홍천,14.3,4.3,대관령,25.6,,,
"		0",전국,2019-06-11,18.8,23.8,26.4,이천,의성,합천,14.8,6.9,대관령,19.5,
"		0",전국,2019-06-10,18.3,22.2,24.8,제주,밀양,15.3,10.1,대관령,14.7,,
"		0",전국,2019-06-09,19.7,25,29.6,영월,16.1,10.6,태백,19,,,
"		0",전국,2019-06-08,20.1,25.5,29.2,이천,15.5,9.5,대관령,19.7,,,
"		0",전국,2019-06-07,18.6,21.2,25.3,제주,16.6,12,대관령,13.3,,,
"		0",전국,2019-06-06,21.1,26.9,32.8,대구,경주시,16.9,13.1,동해,19.7,,
"		0",전국,2019-06-05,22.9,29.9,35.7,대구,합천,16.8,11.4,봉화,24.3,,
"		0",전국,2019-06-04,23.1,30.3,35.5,영천,16.1,12,대관령,23.5,,,
"		0",전국,2019-06-03,22,29.7,33.2,영천,14,7.4,대관령,25.8,,,
"		0",전국,2019-06-02,20.6,27.8,31,경주시,13.6,6.5,대관령,24.5,,,
"		0",전국,2019-06-01,18.9,25.3,29.4,속초,12.4,6.7,봉화,22.7,,,
"		0",전국,2019-05-31,18.6,24,27.6,속초,14.4,10.1,진도(첨찰산),봉화,17.5,,
"		0",전국,2019-05-30,20.5,27.6,31.7,경주시,12.7,6.5,대관령,25.2,,,
"		0",전국,2019-05-29,19.7,27.4,31.1,밀양,11.1,5.6,봉화,25.5,,,
"		0",전국,2019-05-28,17.8,23.8,27.9,속초,12.6,7.5,대관령,20.4,,,
"		0",전국,2019-05-27,18.6,22.1,26.7,강릉,15.4,10.1,진도(첨찰산),16.6,,,
"		0",전국,2019-05-26,23.2,30.1,34.8,강릉,16.4,10.8,봉화,24,,,
"		0",전국,2019-05-25,23.3,30.1,35.6,울진,16.9,11.5,장수,24.1,,,
"		0",전국,2019-05-24,22.9,31.6,35.6,영천,14,6,대관령,29.6,,,
"		0",전국,2019-05-23,20.9,29,31.9,밀양,12.8,5.8,봉화,26.1,,,
"		0",전국,2019-05-22,19.2,27.3,30.1,영천,10.3,4,봉화,26.1,,,
"		0",전국,2019-05-21,17,24.2,26.5,양산시,밀양,9,3.3,봉화,23.2,,
"		0",전국,2019-05-20,17,21,24.1,속초,양산시,11.9,6.3,장수,17.8,,
"		0",전국,2019-05-19,19.5,22.6,28.1,영월,16.9,11.1,대관령,17,,,
"		0",전국,2019-05-18,18.8,21.8,27.6,철원,동두천,16.4,12.8,대관령,14.8,,
"		0",전국,2019-05-17,21.3,27.3,30.5,영월,15,7.5,대관령,23,,,
"		0",전국,2019-05-16,21.4,28.9,31.5,의성,14.6,9.6,대관령,21.9,,,
"		0",전국,2019-05-15,20.3,27.3,30.6,순창군,의성,14.3,5.6,대관령,25,,
"		0",전국,2019-05-14,19.8,26.6,30.1,합천,13.9,7.2,백령도,22.9,,,
"		0",전국,2019-05-13,17.9,24.5,28.8,전주,11.4,3.1,대관령,25.7,,,
"		0",전국,2019-05-12,18.4,26,30.1,영월,11.1,2.8,대관령,27.3,,,
"		0",전국,2019-05-11,18.5,27.3,31.4,의성,10.2,4,해남,27.4,,,
"		0",전국,2019-05-10,17.6,26.7,30.1,영월,8.7,2.6,대관령,27.5,,,
"		0",전국,2019-05-09,17.1,24.1,28.2,강릉,11.1,5.8,장수,22.4,,,
"		0",전국,2019-05-08,15.7,22.9,26.8,울진,7.2,0.9,임실,25.9,,,
"		0",전국,2019-05-07,13.9,21.8,25,속초,5.2,-3.6,대관령,28.6,,,
"		0",전국,2019-05-06,14,20.3,25.2,의령군,8.3,-1,대관령,26.2,,,
"		0",전국,2019-05-05,18.9,27.3,30.4,의성,10.9,5.4,대관령,25,,,
"		0",전국,2019-05-04,17.6,26.5,29.8,함양군,8.8,3.2,대관령,26.6,,,
"		0",전국,2019-05-03,16.7,25.9,29.4,의성,7.6,1.1,대관령,28.3,,,
"		0",전국,2019-05-02,16,24.1,27.6,동두천,8.3,2.6,대관령,25,,,
"		0",전국,2019-05-01,15.4,22.1,26,의령군,10.1,4.5,대관령,21.5,,,
"		0",전국,2019-04-30,14.6,20.5,25,정선군,9.8,0.6,대관령,24.4,,,
"		0",전국,2019-04-29,11.3,14.3,20.6,고산,8,1.3,대관령,19.3,,,
"		0",전국,2019-04-28,12.1,17.1,20.6,영천,8.4,2.4,대관령,18.2,,,
"		0",전국,2019-04-27,11.4,17.8,19.9,광주,4.9,-1,대관령,20.9,,,
"		0",전국,2019-04-26,9.4,11.6,17.7,서귀포,7.6,1.2,대관령,16.5,,,
"		0",전국,2019-04-25,13.5,17,21.4,의성,10.2,2.2,대관령,19.2,,,
"		0",전국,2019-04-24,17.3,22,27.5,동두천,14.2,9.6,백령도,17.9,,,
"		0",전국,2019-04-23,16.8,21.8,28.2,홍천,12.1,5.4,대관령,22.8,,,
"		0",전국,2019-04-22,17.6,25.6,29.8,청주,10.2,5,대관령,24.8,,,
"		0",전국,2019-04-21,16.5,22.1,26.5,김해시,12,6.7,해남,19.8,,,
"		0",전국,2019-04-20,14.7,21.6,25.5,함양군,7.7,-4.1,대관령,29.6,,,
"		0",전국,2019-04-19,12.8,17.6,21.7,고산,부여,9.5,-1.3,대관령,23,,
"		0",전국,2019-04-18,15.3,21.6,27.4,영천,8.4,2.6,해남,봉화,24.8,,
"		0",전국,2019-04-17,15.5,23,26.2,의성,8.7,1,철원,25.2,,,
"		0",전국,2019-04-16,14.2,23.3,26.6,경주시,4.3,-1.2,제천,27.8,,,
"		0",전국,2019-04-15,11.1,19.6,24.1,합천,2.3,-2.9,제천,27,,,
"		0",전국,2019-04-14,10.2,14.7,20.2,서귀포,6.3,0.9,철원,19.3,,,
"		0",전국,2019-04-13,11.6,18.9,21,의성,4,-1.4,태백,봉화,22.4,,
"		0",전국,2019-04-12,10.7,17.7,20.2,의성,4.1,-4.2,대관령,24.4,,,
"		0",전국,2019-04-11,8.8,14.3,16.6,동두천,3.3,-5,대관령,21.6,,,
"		0",전국,2019-04-10,7.2,9.9,16.4,서귀포,4.5,-1.8,대관령,18.2,,,
"		0",전국,2019-04-09,9.3,15.4,19.9,전주,4.8,-4.5,대관령,24.4,,,
"		0",전국,2019-04-08,11.8,19.1,23.6,의령군,합천,5.1,-2.8,대관령,26.4,,
"		0",전국,2019-04-07,12.5,18.4,22.2,의성,7.4,-0.5,대관령,22.7,,,
"		0",전국,2019-04-06,11.6,19,23.9,영천,합천,3.4,-3.2,대관령,27.1,,
"		0",전국,2019-04-05,11.7,19,23.4,울산,5.2,-2,봉화,25.4,,,
"		0",전국,2019-04-04,9.9,17.9,21.9,합천,1.3,-5.9,장수,27.8,,,
"		0",전국,2019-04-03,7.4,14.5,17.4,광양시,-0.4,-6.8,대관령,24.2,,,
"		0",전국,2019-04-02,6.7,13.4,17.4,서귀포,-0.4,-6.5,대관령,23.9,,,
"		0",전국,2019-04-01,5.7,11.4,14.7,남해,-0.1,-8.4,대관령,23.1,,,
"		0",전국,2019-03-31,5.4,9.2,13.8,거제,2.3,-3.8,대관령,17.6,,,
"		0",전국,2019-03-30,7.2,12.2,21.1,서귀포,3.7,-2.8,대관령,23.9,,,
"		0",전국,2019-03-29,10.6,17,21,합천,5,-1.3,대관령,22.3,,,
"		0",전국,2019-03-28,10.6,16.1,22.5,산청,6.6,-1,대관령,23.5,,,
"		0",전국,2019-03-27,12.8,19.9,25.1,의성,4.8,-1.9,봉화,27,,,
"		0",전국,2019-03-26,10.5,18.7,21.9,서귀포,3.2,-2.6,장수,24.5,,,
"		0",전국,2019-03-25,7.2,13.8,18,울진,0.4,-4.9,장수,22.9,,,
"		0",전국,2019-03-24,4.7,11.3,14.2,의령군,경주시,합천,-2.1,-6.4,제천,20.6,
"		0",전국,2019-03-23,4.2,10.3,14.3,양산시,-0.3,-7,대관령,21.3,,,
"		0",전국,2019-03-22,5.2,10.5,16.4,양산시,1.6,-5.4,대관령,21.8,,,
"		0",전국,2019-03-21,9.8,15,22.7,양산시,4.5,-1.5,대관령,24.2,,,
"		0",전국,2019-03-20,11.4,17.2,21.5,강릉,5.3,-0.4,철원,21.9,,,
"		0",전국,2019-03-19,10.7,19,23.3,양산시,2.2,-3.1,철원,26.4,,,
"		0",전국,2019-03-18,7.5,15,18.7,속초,-0.7,-5.9,봉화,24.6,,,
"		0",전국,2019-03-17,6.6,13.1,17.5,서귀포,1.1,-4.6,대관령,22.1,,,
"		0",전국,2019-03-16,5.8,11.1,14.4,김해시,1.4,-7.6,태백,22,,,
"		0",전국,2019-03-15,5.8,12.3,16.4,성산,1,-3.9,봉화,20.3,,,
"		0",전국,2019-03-14,5.2,11.8,14.5,합천,-2.4,-8,봉화,22.5,,,
"		0",전국,2019-03-13,3.9,9.4,12.8,고산,-1.5,-7.5,대관령,제천,20.3,,
"		0",전국,2019-03-12,5.8,11.9,16.5,경주시,0.9,-5.5,대관령,22,,,
"		0",전국,2019-03-11,6.4,11.9,16.6,울산,0.7,-5.4,대관령,22,,,
"		0",전국,2019-03-10,7.8,11.9,16.1,수원,3.8,-0.9,철원,17,,,
"		0",전국,2019-03-09,7.9,16.1,18.9,경주시,-1,-6.3,철원,25.2,,,
"		0",전국,2019-03-08,6.1,14.5,17.7,합천,-1.3,-8,대관령,25.7,,,
"		0",전국,2019-03-07,6.5,12.1,14.9,진주,2.1,-4.5,대관령,19.4,,,
"		0",전국,2019-03-06,8.8,14.3,17.6,의성,4.7,-2,철원,19.6,,,
"		0",전국,2019-03-05,8.2,14.4,17.4,경주시,1.2,-3.5,장수,봉화,20.9,,
"		0",전국,2019-03-04,8.8,15.2,18.2,양산시,3.9,-2.3,대관령,20.5,,,
"		0",전국,2019-03-03,8.7,14.8,17,김해시,2.4,-6.2,대관령,23.2,,,
"		0",전국,2019-03-02,6.9,14.6,17.2,전주,-0.8,-7.7,대관령,24.9,,,
"		0",전국,2019-03-01,6,13.7,16.8,양산시,-0.3,-6.1,대관령,22.9,,,
"		0",전국,2019-02-28,6.8,13.4,16.5,부산,1.4,-4.5,파주,대관령,21,,
"		0",전국,2019-02-27,7.1,11.8,15.2,영천,3.4,-2.1,대관령,17.3,,,
"		0",전국,2019-02-26,5.4,12.8,17.8,서귀포,-1.5,-7.9,대관령,25.7,,,
"		0",전국,2019-02-25,6,12.8,17.7,양산시,0.8,-4.8,대관령,22.5,,,
"		0",전국,2019-02-24,6.1,14.3,16.6,합천,-1.5,-7.3,대관령,23.9,,,
"		0",전국,2019-02-23,5,13.2,15.7,김해시,-1.3,-6.9,대관령,22.6,,,
"		0",전국,2019-02-22,3.9,11.1,14.7,양산시,-1.5,-9.6,대관령,24.3,,,
"		0",전국,2019-02-21,2.7,9.4,12.8,김해시,-2.7,-14.2,대관령,27,,,
"		0",전국,2019-02-20,2.8,7,12.9,서귀포,-0.5,-8.7,대관령,21.6,,,
"		0",전국,2019-02-19,2.9,5.7,17.6,서귀포,0.6,-2.8,대관령,20.4,,,
"		0",전국,2019-02-18,2.2,7.5,11.4,경주시,-4.4,-12,철원,대관령,23.4,,
"		0",전국,2019-02-17,-0.2,6.3,10.2,서귀포,-5.7,-13.5,철원,23.7,,,
"		0",전국,2019-02-16,-0.3,3.3,8.6,서귀포,-3.5,-11.1,철원,19.7,,,
"		0",전국,2019-02-15,2,6,12.7,의령군,-1.5,-7.5,대관령,해남,20.2,,
"		0",전국,2019-02-14,0.6,6.5,11.3,부산,-3.7,-12.9,대관령,24.2,,,
"		0",전국,2019-02-13,0.3,5.3,12,서귀포,-4.1,-12.9,대관령,24.9,,,
"		0",전국,2019-02-12,0.1,6,11.6,완도,-6,-11.8,봉화,23.4,,,
"		0",전국,2019-02-11,-0.8,3.9,8.1,서귀포,-4.7,-12.7,철원,20.8,,,
"		0",전국,2019-02-10,-1.4,3.2,9.7,부산,-6.3,-16.6,대관령,26.3,,,
"		0",전국,2019-02-09,-1.7,1.7,8.3,서귀포,-4.2,-13.3,대관령,21.6,,,
"		0",전국,2019-02-08,-2,3.2,10.1,서귀포,-5.9,-14.6,대관령,24.7,,,
"		0",전국,2019-02-07,2.1,7.4,14.1,양산시,-3.9,-9.5,철원,23.6,,,
"		0",전국,2019-02-06,5.6,12.9,16.9,고산,김해시,-1.2,-6.2,철원,23.1,,
"		0",전국,2019-02-05,2.9,11,14.3,고산,-4.1,-8.4,봉화,22.7,,,
"		0",전국,2019-02-04,2.5,6.8,12.7,서귀포,-1.5,-7.3,대관령,20,,,
"		0",전국,2019-02-03,5.6,9.8,18.4,제주,2.6,-1.6,대관령,20,,,
"		0",전국,2019-02-02,2.1,8.5,13.8,고산,-4.8,-13.3,장수,27.1,,,
"		0",전국,2019-02-01,-1.3,4.1,8.7,서귀포,-6.7,-15.2,철원,23.9,,,
"		0",전국,2019-01-31,0.3,4.7,9.1,양산시,-3.8,-10.9,철원,20,,,
"		0",전국,2019-01-30,3.5,10.1,15.3,울진,-3.1,-10.7,철원,26,,,
"		0",전국,2019-01-29,0,8.1,11.6,김해시,-6.5,-17.4,대관령,29,,,
"		0",전국,2019-01-28,2.6,7.2,11.9,서귀포,-2.6,-10.9,대관령,22.8,,,
"		0",전국,2019-01-27,-0.2,7.1,12.4,울진,-7.8,-17.5,대관령,29.9,,,
"		0",전국,2019-01-26,-1.8,3.7,7.8,서귀포,-6.2,-17,대관령,24.8,,,
"		0",전국,2019-01-25,-0.4,5.5,13.1,서귀포,-5.1,-13.3,철원,26.4,,,
"		0",전국,2019-01-24,0.7,8.2,13.8,서귀포,-5.2,-14.8,대관령,28.6,,,
"		0",전국,2019-01-23,3.1,9.6,14.6,서귀포,-2.2,-9,파주,23.6,,,
"		0",전국,2019-01-22,2.6,9,13.1,서귀포,-3.2,-12.3,철원,25.4,,,
"		0",전국,2019-01-21,0.5,6.2,10.2,서귀포,-5.5,-13.6,철원,23.8,,,
"		0",전국,2019-01-20,1.6,5.5,12.2,서귀포,-2.8,-10,철원,22.2,,,
"		0",전국,2019-01-19,2.9,9.3,14.2,경주시,-2.7,-9.1,해남,23.3,,,
"		0",전국,2019-01-18,0.8,8.1,11.9,성산,-5.1,-13.7,철원,25.6,,,
"		0",전국,2019-01-17,0.4,5.4,9.1,서귀포,-4,-10.6,파주,19.7,,,
"		0",전국,2019-01-16,-3.2,1.7,7.6,서귀포,-7.9,-16.4,철원,대관령,24,,
"		0",전국,2019-01-15,0.9,6.1,12.6,서귀포,-3.9,-10.9,대관령,23.5,,,
"		0",전국,2019-01-14,1,7.5,13.5,부산,-4.1,-12.9,대관령,26.4,,,
"		0",전국,2019-01-13,1.3,8.2,12.6,통영,-3.2,-12.9,대관령,25.5,,,
"		0",전국,2019-01-12,3,7.5,14.7,서귀포,-0.3,-7.3,철원,22,,,
"		0",전국,2019-01-11,2.1,8.1,12.2,부산,-3.4,-13.3,대관령,25.5,,,
"		0",전국,2019-01-10,0.5,5.1,11.8,서귀포,-3.4,-11.1,봉화,22.9,,,
"		0",전국,2019-01-09,-2.9,2.9,7.6,부산,-8,-20.1,대관령,27.7,,,
"		0",전국,2019-01-08,-0.7,4.2,12.1,서귀포,-4.8,-13.5,철원,25.6,,,
"		0",전국,2019-01-07,-0.5,5.5,12.8,서귀포,-6.3,-15.2,철원,28,,,
"		0",전국,2019-01-06,-1.3,5.7,12.3,서귀포,-6.1,-15.8,대관령,28.1,,,
"		0",전국,2019-01-05,0.2,5.3,13.2,서귀포,-4.6,-13.5,대관령,26.7,,,
"		0",전국,2019-01-04,-0.7,5.3,11.8,서귀포,-7.3,-14.3,제천,26.1,,,
"		0",전국,2019-01-03,-2.1,5,10.6,서귀포,-7.7,-16.8,철원,27.4,,,
"		0",전국,2019-01-02,-2.5,3.2,8.4,서귀포,-7,-16.6,철원,25,,,
"		0",전국,2019-01-01,-2.1,2.1,7,제주,서귀포,-5.8,-16.5,철원,23.5,,
"		0",전국,2018-12-31,-3.2,4,10.6,부산,-9.9,-20.3,대관령,30.9,,,
"		0",전국,2018-12-30,-4.7,0.9,7.2,서귀포,-9.4,-19.1,대관령,26.3,,,
"		0",전국,2018-12-29,-5.1,-0.7,6.2,서귀포,-9.5,-17.3,홍천,23.5,,,
"		0",전국,2018-12-28,-7,-2.7,4.7,서귀포,-10.7,-19.6,대관령,24.3,,,
"		0",전국,2018-12-27,-4.8,-0.5,10.8,서귀포,-8.1,-16.9,대관령,27.7,,,
"		0",전국,2018-12-26,2.5,6.9,12.4,서귀포,-1,-9.2,철원,21.6,,,
"		0",전국,2018-12-25,0.4,5.4,12,서귀포,-5.4,-11.7,제천,23.7,,,
"		0",전국,2018-12-24,-0.3,5.1,11.6,서귀포,-4.4,-11.5,철원,23.1,,,
"		0",전국,2018-12-23,5.5,10.3,16,서귀포,0.4,-7.3,철원,23.3,,,
"		0",전국,2018-12-22,6.7,13.4,17.6,부산,1.2,-4.1,철원,21.7,,,
"		0",전국,2018-12-21,5.1,12.2,18.4,서귀포,-1.3,-10.1,대관령,28.5,,,
"		0",전국,2018-12-20,4.2,10.5,16.6,고산,-0.1,-8.7,철원,25.3,,,
"		0",전국,2018-12-19,5.1,11.9,18,제주,-0.6,-6.3,파주,24.3,,,
"		0",전국,2018-12-18,2.5,8.5,13.7,고산,-2.5,-10.8,철원,24.5,,,
"		0",전국,2018-12-17,3.2,7.5,12.2,고산,-1,-8,철원,20.2,,,
"		0",전국,2018-12-16,0.6,4.5,11.3,서귀포,-3.2,-9.2,제천,20.5,,,
"		0",전국,2018-12-15,-1.9,5.7,11.2,서귀포,-8.3,-20,대관령,31.2,,,
"		0",전국,2018-12-14,-2.4,3,9.8,서귀포,-6.5,-19.5,대관령,29.3,,,
"		0",전국,2018-12-13,-0.3,5.1,10.3,서귀포,-5.3,-13.1,의성,23.4,,,
"		0",전국,2018-12-12,-0.5,3.8,10.4,서귀포,-4.2,-13.6,대관령,24,,,
"		0",전국,2018-12-11,0.3,2.6,12.7,서귀포,-3,-11.3,대관령,24,,,
"		0",전국,2018-12-10,-1.9,5.4,11.5,성산,-7.9,-17.1,대관령,28.6,,,
"		0",전국,2018-12-09,-4.4,0.7,6.4,서귀포,-8.8,-17.9,대관령,24.3,,,
"		0",전국,2018-12-08,-5,-1,7.9,서귀포,-8.4,-15.1,대관령,23,,,
"		0",전국,2018-12-07,-3,3.1,11.9,서귀포,-6.1,-14.4,대관령,26.3,,,
"		0",전국,2018-12-06,4,6.9,14,서귀포,1.6,-4.1,백령도,18.1,,,
"		0",전국,2018-12-05,3.9,7.9,16.8,서귀포,-0.3,-7.5,철원,24.3,,,
"		0",전국,2018-12-04,10.2,14.1,20.3,서귀포,5.2,-2.8,철원,23.1,,,
"		0",전국,2018-12-03,12.1,15.2,22.9,제주,9.1,-1,대관령,23.9,,,
"		0",전국,2018-12-02,8.5,15.3,21.9,고산,1.2,-6.7,대관령,28.6,,,
"		0",전국,2018-12-01,5.4,11.9,18.3,서귀포,1,-5.8,대관령,24.1,,,
"		0",전국,2018-11-30,5.1,12.1,17.9,서귀포,-0.1,-9,대관령,26.9,,,
"		0",전국,2018-11-29,5,11.4,18.2,고산,-0.9,-7.5,대관령,25.7,,,
"		0",전국,2018-11-28,5.9,12.1,18.7,서귀포,1.2,-5.9,대관령,24.6,,,
"		0",전국,2018-11-27,7.8,14.9,21.1,서귀포,1.5,-5.6,봉화,26.7,,,
"		0",전국,2018-11-26,5.9,13.9,18.2,제주,0.6,-6.3,대관령,24.5,,,
"		0",전국,2018-11-25,5.7,11.3,18.3,서귀포,1.8,-2.6,대관령,20.9,,,
"		0",전국,2018-11-24,3.7,7.1,19.2,제주,-0.6,-8.3,대관령,27.5,,,
"		0",전국,2018-11-23,2.3,8.6,14.1,고산,-2.6,-9.2,대관령,23.3,,,
"		0",전국,2018-11-22,4.1,8.8,14.3,서귀포,-0.2,-6.4,철원,대관령,20.7,,
"		0",전국,2018-11-21,6.2,11.1,17,성산,1.4,-3.8,봉화,청송군,20.8,,
"		0",전국,2018-11-20,6.1,13.5,16.7,고산,0.3,-5.5,대관령,22.2,,,
"		0",전국,2018-11-19,7.2,13.6,17.2,부산,2,-4.6,대관령,21.8,,,
"		0",전국,2018-11-18,6.4,11.1,15.1,제주,2,-3.3,파주,18.4,,,
"		0",전국,2018-11-17,7.4,13.7,18.8,서귀포,2.7,-4.9,파주,23.7,,,
"		0",전국,2018-11-16,9,13.7,17.7,성산,5.1,-1.2,대관령,18.9,,,
"		0",전국,2018-11-15,8.7,16.5,20.7,성산,3,-2.8,대관령,23.5,,,
"		0",전국,2018-11-14,8.5,15.9,19.2,김해시,3.3,-2.1,대관령,21.3,,,
"		0",전국,2018-11-13,8.8,15.4,18.5,김해시,4,-1.4,파주,19.9,,,
"		0",전국,2018-11-12,9.3,14.9,18.1,서귀포,4.9,-2.4,대관령,20.5,,,
"		0",전국,2018-11-11,9.5,14.3,20.6,부산,4.9,-3,대관령,23.6,,,
"		0",전국,2018-11-10,10.9,18.2,21,김해시,5.5,0.8,거창,20.2,,,
"		0",전국,2018-11-09,12.4,16.1,18.6,김해시,7.9,2.5,봉화,16.1,,,
"		0",전국,2018-11-08,14,17.1,21.6,성산,12.1,6.6,대관령,15,,,
"		0",전국,2018-11-07,12.8,15.5,21.8,서귀포,10.1,5.8,장수,16,,,
"		0",전국,2018-11-06,11.8,19,22.8,김해시,5.7,0.3,장수,22.5,,,
"		0",전국,2018-11-05,10.7,19.1,22.6,김해시,3.8,-2.7,대관령,25.3,,,
"		0",전국,2018-11-04,10.2,19.8,22.5,부산,3.1,-3.9,대관령,26.4,,,
"		0",전국,2018-11-03,9.7,19.3,21.6,강릉,2.6,-4,대관령,25.6,,,
"		0",전국,2018-11-02,9,18.3,20.4,김해시,2.1,-5.1,대관령,25.5,,,
"		0",전국,2018-11-01,7.7,16,18.3,고흥,1.4,-6.6,대관령,24.9,,,
"		0",전국,2018-10-31,7.8,14.2,18,제주,고산,2.8,-3.2,대관령,21.2,,
"		0",전국,2018-10-30,7.5,13.1,18.1,서귀포,2.6,-4.5,대관령,22.6,,,
"		0",전국,2018-10-29,9.8,15.5,22.9,성산,5,-0.8,철원,23.7,,,
"		0",전국,2018-10-28,10.6,16.5,21.1,제주,4.4,-0.8,제천,21.9,,,
"		0",전국,2018-10-27,10.6,14.3,18.3,거제,7,0.7,대관령,17.6,,,
"		0",전국,2018-10-26,12.3,15.1,21.8,제주,9.2,1.9,대관령,19.9,,,
"		0",전국,2018-10-25,12.3,20.9,23.1,김해시,5.6,-2.1,대관령,25.2,,,
"		0",전국,2018-10-24,12.2,19.5,22.7,김해시,양산시,7.1,0.9,대관령,21.8,,
"		0",전국,2018-10-23,13.2,19.3,23.5,경주시,8.6,2.1,대관령,21.4,,,
"		0",전국,2018-10-22,12.8,20.1,22.8,부산,6.7,-1,대관령,23.8,,,
"		0",전국,2018-10-21,11.6,20.8,23.8,김해시,4.9,-2.7,대관령,26.5,,,
"		0",전국,2018-10-20,11.5,20.5,23.1,김해시,5.3,-2.5,대관령,25.6,,,
"		0",전국,2018-10-19,12.1,19.3,21.6,부산,6.7,-0.1,대관령,21.7,,,
"		0",전국,2018-10-18,11.6,17.7,21.3,김해시,양산시,6.2,-0.2,장수,21.5,,
"		0",전국,2018-10-17,12.4,19.3,22.4,양산시,7.6,2.2,장수,20.2,,,
"		0",전국,2018-10-16,13,18.5,20.7,파주,수원,9.1,1.2,대관령,19.5,,
"		0",전국,2018-10-15,14,21.1,23.5,양산시,8.5,1.7,대관령,21.8,,,
"		0",전국,2018-10-14,13.1,20.3,22.3,양산시,6.8,1.2,대관령,21.1,,,
"		0",전국,2018-10-13,11.8,19.7,22.3,김해시,5.3,-2.7,대관령,25,,,
"		0",전국,2018-10-12,10.4,17.6,19.9,서귀포,4.6,-3,대관령,22.9,,,
"		0",전국,2018-10-11,10.7,16,20.5,서귀포,5.9,-1,대관령,21.5,,,
"		0",전국,2018-10-10,13.9,17.8,21.9,울진,서귀포,9.2,3.1,파주,대관령,18.8,
"		0",전국,2018-10-09,14.8,19.8,22.3,제주,10,0.9,대관령,21.4,,,
"		0",전국,2018-10-08,14.5,21.1,24.6,양산시,9.7,1.4,대관령,23.2,,,
"		0",전국,2018-10-07,17.6,23.7,27.6,양산시,12.6,6,파주,21.6,,,
"		0",전국,2018-10-06,18.8,22,27,서귀포,16.2,11.8,대관령,15.2,,,
"		0",전국,2018-10-05,17.5,19.3,24.5,제주,성산,15.7,11.8,대관령,12.7,,
"		0",전국,2018-10-04,18.1,24.6,27.2,이천,10.8,2.7,대관령,24.5,,,
"		0",전국,2018-10-03,15.5,23.5,25.3,김해시,양산시,9.2,0.5,대관령,24.8,,
"		0",전국,2018-10-02,15.5,22.1,24.3,합천,10.1,2.5,대관령,21.8,,,
"		0",전국,2018-10-01,16,20,23.5,제주,12.3,5.6,봉화,17.9,,,
"		0",전국,2018-09-30,18.5,24.7,28.7,광양시,14.2,7.6,대관령,21.1,,,
"		0",전국,2018-09-29,18.6,23.7,27.2,전주,이천,14.1,4.9,대관령,22.3,,
"		0",전국,2018-09-28,16.9,22.1,27,광주,11.6,3,대관령,24,,,
"		0",전국,2018-09-27,17.2,23.9,26.5,김해시,11.4,4.7,대관령,21.8,,,
"		0",전국,2018-09-26,17.8,23.1,26,고산,13.8,8.4,봉화,17.6,,,
"		0",전국,2018-09-25,16.5,23.6,26.4,김해시,9.7,1.8,대관령,24.6,,,
"		0",전국,2018-09-24,16.6,22.1,24.8,흑산도,12.1,4.7,대관령,20.1,,,
"		0",전국,2018-09-23,18.9,25.7,30,경주시,13.6,8.2,대관령,봉화,21.8,,
"		0",전국,2018-09-22,20.3,26.4,28.5,합천,15.3,9.5,대관령,19,,,
"		0",전국,2018-09-21,19.3,21.1,28.9,성산,17.9,13.2,대관령,15.7,,,
"		0",전국,2018-09-20,19.7,21.5,29,성산,18.3,12.5,대관령,16.5,,,
"		0",전국,2018-09-19,20.6,25.1,27.7,인제,김해시,16.6,9.7,대관령,18,,
"		0",전국,2018-09-18,21,27.4,30.2,합천,16,7.7,대관령,22.5,,,
"		0",전국,2018-09-17,21.9,27.3,29.9,합천,17.8,10.9,대관령,19,,,
"		0",전국,2018-09-16,22.7,26.5,31.4,양산시,20.4,15.4,대관령,16,,,
"		0",전국,2018-09-15,22,24.6,29,서귀포,20.2,14.8,대관령,14.2,,,
"		0",전국,2018-09-14,21.6,24.5,28.2,성산,19,10.5,대관령,17.7,,,
"		0",전국,2018-09-13,20.9,24.2,28.8,동두천,18.4,11.2,대관령,17.6,,,
"		0",전국,2018-09-12,21,26.7,29.7,진도(첨찰산),15.6,9.6,장수,20.1,,,
"		0",전국,2018-09-11,19.6,24.6,27.4,고산,14.5,7.1,대관령,20.3,,,
"		0",전국,2018-09-10,20.6,26,28.4,서울,부안,15.6,8.3,대관령,20.1,,
"		0",전국,2018-09-09,20.4,27,29.4,의성,14.4,5.6,대관령,23.8,,,
"		0",전국,2018-09-08,19.5,25.3,28.6,이천,14.8,8.1,대관령,20.5,,,
"		0",전국,2018-09-07,21.3,25.4,28.1,흑산도,17.8,10.3,대관령,17.8,,,
"		0",전국,2018-09-06,22.6,27.1,29.3,울진,영덕,18.2,12,봉화,17.3,,
"		0",전국,2018-09-05,23.3,28.7,30.8,제주,18.2,13.8,봉화,17,,,
"		0",전국,2018-09-04,23.7,28.6,31.6,양산시,합천,19.7,16,대관령,15.6,,
"		0",전국,2018-09-03,23.8,27.3,31.6,부안,21.1,16,대관령,15.6,,,
"		0",전국,2018-09-02,22.4,26.5,30,홍천,18.2,10.1,대관령,19.9,,,
"		0",전국,2018-09-01,23.3,28,31.5,동두천,19.7,13.5,대관령,18,,,
"		0",전국,2018-08-31,23.7,27.1,33.3,제주,20.9,14.7,대관령,18.6,,,
"		0",전국,2018-08-30,26.3,30.4,34.5,제주,23.9,19.4,인제,15.1,,,
"		0",전국,2018-08-29,26.1,30.5,34.2,경주시,22.6,17.4,대관령,16.8,,,
"		0",전국,2018-08-28,25.1,28.9,33.2,합천,22.7,13.4,대관령,19.8,,,
"		0",전국,2018-08-27,23.5,25.9,32,제주,21.1,16.2,대관령,15.8,,,
"		0",전국,2018-08-26,22.3,25.6,31.8,제주,20.2,14.9,태백,16.9,,,
"		0",전국,2018-08-25,24.5,28.6,32.1,의성,21.4,17.9,봉화,14.2,,,
"		0",전국,2018-08-24,25.6,29,34,포항,23.1,19,대관령,15,,,
"		0",전국,2018-08-23,27.1,30,33.6,상주,24.6,19,대관령,14.6,,,
"		0",전국,2018-08-22,28.9,34.7,38.7,대전,22.9,15.1,대관령,23.6,,,
"		0",전국,2018-08-21,26.8,32.3,38.1,의성,22.1,17.2,대관령,청송군,20.9,,
"		0",전국,2018-08-20,26.4,31.9,35.6,의성,21.1,14.1,대관령,21.5,,,
"		0",전국,2018-08-19,25.2,31.6,35,의성,19.4,13.6,대관령,21.4,,,
"		0",전국,2018-08-18,24.2,30.3,33.4,광주,18.8,10.9,대관령,22.5,,,
"		0",전국,2018-08-17,25.1,30.1,34.7,부안,20.9,14.7,대관령,20,,,
"		0",전국,2018-08-16,27.1,32,36.8,대전,부여,부안,23.5,15.6,대관령,21.2,
"		0",전국,2018-08-15,29.4,35.9,39.4,대전,24.5,18.4,대관령,21,,,
"		0",전국,2018-08-14,29.9,36,40.3,의성,25,19.6,대관령,20.7,,,
"		0",전국,2018-08-13,29.7,35.3,39.5,의성,25.1,21.1,장수,18.4,,,
"		0",전국,2018-08-12,28.1,33,36.2,부여,24.1,16.1,대관령,20.1,,,
"		0",전국,2018-08-11,27.7,32.3,36.2,동두천,24.3,18.7,대관령,17.5,,,
"		0",전국,2018-08-10,27.7,32.4,37,수원,24.9,19.3,대관령,17.7,,,
"		0",전국,2018-08-09,28.5,33.7,37.2,의성,24.9,19.8,대관령,17.4,,,
"		0",전국,2018-08-08,28.8,34.6,39.2,의성,24.9,19.8,대관령,19.4,,,
"		0",전국,2018-08-07,28.6,33.3,36.8,충주,25.4,19.7,대관령,17.1,,,
"		0",전국,2018-08-06,29.1,34.2,37.8,의령군,25.5,20.1,대관령,17.7,,,
"		0",전국,2018-08-05,30,35.3,39.9,영덕,25.9,20.6,장수,19.3,,,
"		0",전국,2018-08-04,30.3,35.6,39.8,영덕,경주시,25.9,20.8,장수,19,,
"		0",전국,2018-08-03,30.1,35.6,39.6,정선군,의성,25.4,17.9,대관령,21.7,,
"		0",전국,2018-08-02,30.2,36.1,39.8,의성,24.9,16.5,대관령,23.3,,,
"		0",전국,2018-08-01,30,36.6,41,홍천,23.8,17.3,대관령,23.7,,,
"		0",전국,2018-07-31,29.2,35.3,38.5,영월,홍천,23.9,16,대관령,22.5,,
"		0",전국,2018-07-30,29,34,37.2,부안,24.9,18.1,대관령,19.1,,,
"		0",전국,2018-07-29,29.4,34.6,37.7,김해시,24.7,20.1,대관령,17.6,,,
"		0",전국,2018-07-28,28.9,34.4,38.3,홍천,25.6,20.7,대관령,17.6,,,
"		0",전국,2018-07-27,30,35.9,39.9,의성,25.5,19.6,대관령,20.3,,,
"		0",전국,2018-07-26,29.9,35.2,39.5,합천,25.5,21,대관령,18.5,,,
"		0",전국,2018-07-25,29.7,34.6,38.9,영천,25.8,20.5,대관령,18.4,,,
"		0",전국,2018-07-24,29.7,35.3,39.6,의성,24.9,19.7,대관령,19.9,,,
"		0",전국,2018-07-23,29.6,35,38.2,영천,25.4,20.6,장수,17.6,,,
"		0",전국,2018-07-22,29.6,35.2,38.2,홍천,24.7,17.2,대관령,21,,,
"		0",전국,2018-07-21,29.3,35.4,38.4,의성,24,18.8,대관령,19.6,,,
"		0",전국,2018-07-20,28.7,35.2,38.7,합천,23,15.7,대관령,23,,,
"		0",전국,2018-07-19,28.1,34,37.3,영천,23.1,17.8,대관령,19.5,,,
"		0",전국,2018-07-18,27.8,33.4,36.9,경주시,23,18.6,대관령,봉화,18.3,,
"		0",전국,2018-07-17,28.1,33.4,36.8,영천,23.3,19.3,백령도,17.5,,,
"		0",전국,2018-07-16,28.2,33.9,37.5,영천,23.1,18.9,봉화,18.6,,,
"		0",전국,2018-07-15,28.2,33.9,37.2,영천,경주시,23.4,19.7,봉화,17.5,,
"		0",전국,2018-07-14,27.9,33,36.8,영천,23.7,19.7,봉화,17.1,,,
"		0",전국,2018-07-13,27.8,32.6,35.9,양산시,24.1,20.1,백령도,15.8,,,
"		0",전국,2018-07-12,27.4,32.1,35.3,의성,23.3,18.9,속초,16.4,,,
"		0",전국,2018-07-11,26.1,30.3,35,제주,22.8,18,인제,17,,,
"		0",전국,2018-07-10,24,28.5,33.1,제주,20,14.3,대관령,18.8,,,
"		0",전국,2018-07-09,20.2,21.9,29.3,진도군,18.8,12.7,대관령,16.6,,,
"		0",전국,2018-07-08,20.9,24.8,29,부안,17.3,10.4,대관령,18.6,,,
"		0",전국,2018-07-07,21.3,25.9,30.2,부안,17.9,10.8,대관령,19.4,,,
"		0",전국,2018-07-06,21.8,24,28.3,충주,19.9,12.5,대관령,15.8,,,
"		0",전국,2018-07-05,23.6,26.9,31.5,청주,이천,21.8,15.7,대관령,15.8,,
"		0",전국,2018-07-04,25.6,30.8,34.6,합천,22,17,대관령,17.6,,,
"		0",전국,2018-07-03,24.8,28.5,33.5,수원,홍천,22.1,17.8,대관령,15.7,,
"		0",전국,2018-07-02,23.5,26.5,31.4,제주,21.1,16.7,대관령,14.7,,,
"		0",전국,2018-07-01,22.7,26,31.8,의성,20,16.2,울진,15.6,,,
"		0",전국,2018-06-30,23.2,26.9,31.2,영덕,20.5,14.6,대관령,16.6,,,
"		0",전국,2018-06-29,24.2,29.1,31.9,안동,의성,20.6,14.7,대관령,17.2,,
"		0",전국,2018-06-28,23,25.9,30.2,강릉,20.6,16,대관령,14.2,,,
"		0",전국,2018-06-27,24.4,28.8,33.1,울진,21.3,17.1,백령도,16,,,
"		0",전국,2018-06-26,23.4,26.4,32.3,제주,20.4,14.7,대관령,17.6,,,
"		0",전국,2018-06-25,25.4,32.5,36.7,함양군,19,14.2,임실,22.5,,,
"		0",전국,2018-06-24,25.5,32.7,37,영덕,19.2,13.2,장수,23.8,,,
"		0",전국,2018-06-23,24,29.9,33.7,속초,19.5,14.8,대관령,18.9,,,
"		0",전국,2018-06-22,23.8,31,34.1,의성,16.6,9.2,대관령,24.9,,,
"		0",전국,2018-06-21,23.1,29.5,33.4,양산시,17.8,11.7,대관령,21.7,,,
"		0",전국,2018-06-20,22.5,28.2,31.2,북춘천,18,11.9,대관령,19.3,,,
"		0",전국,2018-06-19,21.3,25.7,31,영덕,18.2,11.9,대관령,19.1,,,
"		0",전국,2018-06-18,23.3,29.7,33.7,영월,의성,17.9,12.7,대관령,21,,
"		0",전국,2018-06-17,20.8,27,30.3,정선군,금산,함양군,의성,14.6,8.7,대관령,21.6
"		0",전국,2018-06-16,19.7,25.7,30.5,광주,14.8,7.5,봉화,23,,,
"		0",전국,2018-06-15,19.9,24.6,29.1,광주,16.3,10.2,대관령,18.9,,,
"		0",전국,2018-06-14,20.5,24.8,30.2,전주,17.6,11.3,대관령,18.9,,,
"		0",전국,2018-06-13,20.4,25.4,29,정읍,16.3,9.8,대관령,19.2,,,
"		0",전국,2018-06-12,19.5,24.5,28.5,북춘천,16,8.4,대관령,20.1,,,
"		0",전국,2018-06-11,18.5,21.7,25.9,부안,16.5,9.5,대관령,16.4,,,
"		0",전국,2018-06-10,19.7,23.3,28.2,정읍,17.2,10.8,대관령,17.4,,,
"		0",전국,2018-06-09,21.2,26,31.1,동두천,17.2,11.4,대관령,19.7,,,
"		0",전국,2018-06-08,22.4,27.8,32.6,양산시,17.9,12.4,백령도,20.2,,,
"		0",전국,2018-06-07,23.2,30,34.7,합천,17.6,12.5,대관령,22.2,,,
"		0",전국,2018-06-06,22.4,29,32.5,의성,합천,16.9,9.7,대관령,22.8,,
"		0",전국,2018-06-05,21.6,26.4,30.6,북춘천,홍천,17.9,12.7,대관령,17.9,,
"		0",전국,2018-06-04,22.3,28.5,31.8,영덕,16.1,9.1,대관령,22.7,,,
"		0",전국,2018-06-03,22.6,30.3,33.4,영덕,15.7,8.8,대관령,24.6,,,
"		0",전국,2018-06-02,23.1,31.1,34.5,합천,15.6,9.6,대관령,24.9,,,
"		0",전국,2018-06-01,22.1,29.9,33,합천,밀양,14.4,6.4,대관령,26.6,,
"		0",전국,2018-05-31,19.7,25.9,29.4,홍천,14.3,6.6,대관령,22.8,,,
"		0",전국,2018-05-30,20.7,25.8,29.5,김해시,16.7,10.2,대관령,19.3,,,
"		0",전국,2018-05-29,21.4,26.9,31,영천,16.9,12.1,대관령,18.9,,,
"		0",전국,2018-05-28,20.4,26.2,30.9,홍천,15.1,7.3,대관령,23.6,,,
"		0",전국,2018-05-27,19.5,25.1,28.9,합천,14.5,9.4,대관령,19.5,,,
"		0",전국,2018-05-26,20,27.8,31.4,정선군,12.4,5.9,대관령,25.5,,,
"		0",전국,2018-05-25,19.8,27,30.2,양산시,12.4,7.4,장수,22.8,,,
"		0",전국,2018-05-24,18.9,26.7,30.7,의령군,9.8,6.2,장수,고창군,봉화,24.5,
"		0",전국,2018-05-23,18.1,23.9,28.5,양산시,12.6,8.5,백령도,고창군,20,,
"		0",전국,2018-05-22,17.5,23.7,26.7,의성,12.1,5.6,대관령,21.1,,,
"		0",전국,2018-05-21,16.2,21.8,26,홍천,10.6,0.4,대관령,25.6,,,
"		0",전국,2018-05-20,15.7,21.7,25.9,광주,9.5,0.6,대관령,25.3,,,
"		0",전국,2018-05-19,15.7,20.9,25.7,동두천,10.9,2.8,대관령,22.9,,,
"		0",전국,2018-05-18,17.5,21.7,28.3,합천,13.4,4.8,대관령,23.5,,,
"		0",전국,2018-05-17,22.8,26.8,32.6,포항,19.5,10,대관령,22.6,,,
"		0",전국,2018-05-16,22.9,25.5,31.1,제주,20.5,12.7,백령도,18.4,,,
"		0",전국,2018-05-15,22.5,29.5,32.9,경주시,15,11,봉화,21.9,,,
"		0",전국,2018-05-14,19.3,26.9,29.9,경주시,12.3,8.2,흑산도,21.7,,,
"		0",전국,2018-05-13,17.3,22.4,27.8,양산시,합천,13.6,8.2,백령도,19.6,,
"		0",전국,2018-05-12,16,18.7,24.4,제주,13.5,7.9,대관령,16.5,,,
"		0",전국,2018-05-11,16.9,23.8,27.4,영덕,10.1,4.8,봉화,22.6,,,
"		0",전국,2018-05-10,15.2,22,25.4,합천,9.3,1.4,대관령,24,,,
"		0",전국,2018-05-09,13.6,18.9,23.3,동두천,9.2,2.6,대관령,20.7,,,
"		0",전국,2018-05-08,15.1,19.2,23.9,광주,11.6,4.7,대관령,19.2,,,
"		0",전국,2018-05-07,16.4,21,27.9,동두천,13.2,7.4,대관령,20.5,,,
"		0",전국,2018-05-06,15.9,18.7,23.6,제주,14.2,9.4,대관령,14.2,,,
"		0",전국,2018-05-05,18.1,25.1,28.4,영천,9.5,2.2,순천,26.2,,,
"		0",전국,2018-05-04,14.5,21,23.8,울진,7.1,2.2,대관령,순천,임실,봉화,21.6
"		0",전국,2018-05-03,12,17.1,21.4,양산시,7.9,0.6,대관령,20.8,,,
"		0",전국,2018-05-02,14.9,19.2,25.7,서귀포,10.5,2.6,대관령,23.1,,,
"		0",전국,2018-05-01,18.6,23.3,27.2,충주,14,5,대관령,22.2,,,
"		0",전국,2018-04-30,18.8,25.5,29.2,강릉,12.4,6.5,제천,22.7,,,
"		0",전국,2018-04-29,16.5,24.6,30,울진,8.3,2.1,장수,27.9,,,
"		0",전국,2018-04-28,15.9,24.2,28.9,울진,7.8,3.1,봉화,25.8,,,
"		0",전국,2018-04-27,14.9,22.1,25.6,양산시,합천,8.3,4,장수,21.6,,
"		0",전국,2018-04-26,14.6,22.7,26.5,강릉,6.2,-1,대관령,27.5,,,
"		0",전국,2018-04-25,13,21,26.5,동두천,5.5,-1.3,대관령,27.8,,,
"		0",전국,2018-04-24,11.6,14.1,18.5,서귀포,9,1.7,대관령,16.8,,,
"		0",전국,2018-04-23,11.2,13.5,21.8,제주,10.2,2.1,대관령,19.7,,,
"		0",전국,2018-04-22,15.7,21.2,25.4,전주,11.5,4.2,대관령,21.2,,,
"		0",전국,2018-04-21,18.8,28,33.2,울진,10,3.2,해남,30,,,
"		0",전국,2018-04-20,17.7,27.5,31.3,의성,합천,8.7,2.1,대관령,29.2,,
"		0",전국,2018-04-19,15.1,23.8,29.8,울진,합천,5.7,-1.3,해남,31.1,,
"		0",전국,2018-04-18,13.2,21.2,25.3,합천,5.5,-0.5,대관령,25.8,,,
"		0",전국,2018-04-17,12.6,19.8,22.8,영천,6.4,-1.5,대관령,24.3,,,
"		0",전국,2018-04-16,10.9,17.7,21.4,동두천,3.9,-1,대관령,22.4,,,
"		0",전국,2018-04-15,10.5,16,20.3,양산시,6.5,0,고창,,,,
"		0",전국,2018-04-14,9.5,13,22.9,제주,7.5,1.8,대관령,21.1,,,
"		0",전국,2018-04-13,12.8,18.2,21.6,서귀포,6.1,-0.9,대관령,22.5,,,
"		0",전국,2018-04-12,13.2,21.2,25.7,울진,5.2,-0.2,봉화,25.9,,,
"		0",전국,2018-04-11,15.5,21,26.8,양산시,9.8,4.2,해남,22.6,,,
"		0",전국,2018-04-10,15.1,22.3,25.5,속초,동해,4.8,-1.4,봉화,26.9,,
"		0",전국,2018-04-09,10.7,17.6,22.3,양산시,4.8,-3.4,대관령,25.7,,,
"		0",전국,2018-04-08,7.2,12.6,16.4,제주,0,-4.8,대관령,장수,21.2,,
"		0",전국,2018-04-07,5,9.1,11.6,거제,2.1,-4.5,대관령,16.1,,,
"		0",전국,2018-04-06,7.9,12.9,19.4,서귀포,3.9,-2.5,대관령,21.9,,,
"		0",전국,2018-04-05,8.5,9.9,21.3,제주,7.5,0,대관령,,,,
"		0",전국,2018-04-04,11.5,16.6,24.5,성산,8.4,-0.2,대관령,24.7,,,
"		0",전국,2018-04-03,18,24.5,28,경주시,11.7,3.8,대관령,24.2,,,
"		0",전국,2018-04-02,17.8,24.6,27.2,울진,11.5,5.5,장수,21.7,,,
"		0",전국,2018-04-01,15.8,21.7,25.3,경주시,9.7,5.6,제천,장수,19.7,,
"		0",전국,2018-03-31,14,22,25.8,강릉,6.3,0.3,봉화,25.5,,,
"		0",전국,2018-03-30,12.7,19.3,23.8,동두천,광주,7.5,0.1,태백,23.7,,
"		0",전국,2018-03-29,14.5,21.6,26,산청,8.8,3.1,대관령,22.9,,,
"		0",전국,2018-03-28,15,22.1,26.8,울진,7.5,0.8,장수,26,,,
"		0",전국,2018-03-27,13.7,21.6,24.7,속초,5.5,-0.7,봉화,25.4,,,
"		0",전국,2018-03-26,12,20.3,24.9,강릉,4.7,-2.1,장수,27,,,
"		0",전국,2018-03-25,10.8,18.7,23,합천,3.9,-1.8,장수,봉화,24.8,,
"		0",전국,2018-03-24,9.1,15.9,19.5,의령군,2.1,-2.5,임실,22,,,
"		0",전국,2018-03-23,6.2,13.5,17.1,합천,-0.7,-7.4,대관령,24.5,,,
"		0",전국,2018-03-22,5,11.4,15.6,동두천,0.3,-10,대관령,25.6,,,
"		0",전국,2018-03-21,1.8,3.7,9.1,서귀포,0.3,-5.9,대관령,15,,,
"		0",전국,2018-03-20,5.3,8.7,13.6,광주,1.9,-6,대관령,19.6,,,
"		0",전국,2018-03-19,8.5,11.4,16.9,서귀포,5.6,-2.2,대관령,19.1,,,
"		0",전국,2018-03-18,8,13,22.3,제주,1.9,-2,장수,청송군,24.3,,
"		0",전국,2018-03-17,5.4,12.6,15.9,광주,고산,순창군,-1.1,-14.7,대관령,30.6,
"		0",전국,2018-03-16,5.2,10.1,15.5,고산,1.5,-11.5,대관령,27,,,
"		0",전국,2018-03-15,12.8,16.4,22.6,속초,7.9,-2.3,대관령,24.9,,,
"		0",전국,2018-03-14,15.2,22.5,25,상주,8,2,의성,23,,,
"		0",전국,2018-03-13,12.3,20.2,23.7,울진,3.3,-3.6,봉화,27.3,,,
"		0",전국,2018-03-12,7.9,16.9,20.3,경주시,-0.4,-5.6,대관령,25.9,,,
"		0",전국,2018-03-11,6.4,13.8,18,합천,0.7,-5.1,대관령,23.1,,,
"		0",전국,2018-03-10,4.8,11.4,15.4,합천,-1.1,-6.7,태백,22.1,,,
"		0",전국,2018-03-09,3.5,7.7,12.6,동두천,0.2,-6.6,대관령,19.2,,,
"		0",전국,2018-03-08,3.3,6.3,11.9,서귀포,1,-3,대관령,14.9,,,
"		0",전국,2018-03-07,5.1,9.1,12.8,고산,1.4,-7.3,대관령,20.1,,,
"		0",전국,2018-03-06,4.7,11.1,15.5,광주,-0.7,-17.1,대관령,32.6,,,
"		0",전국,2018-03-05,5.7,11.6,21.7,제주,2.3,-11.6,대관령,33.3,,,
"		0",전국,2018-03-04,11.8,17.4,23.2,제주,5.9,-2.2,봉화,25.4,,,
"		0",전국,2018-03-03,7.6,16.6,19.5,의성,-1.4,-6.6,봉화,26.1,,,
"		0",전국,2018-03-02,1.3,8.9,13.7,합천,-5,-16.8,대관령,30.5,,,
"		0",전국,2018-03-01,2.8,6.6,13.8,서귀포,-1.7,-9,대관령,22.8,,,
"		0",전국,2018-02-28,5.6,9.1,17.5,제주,2.4,-1.4,대관령,18.9,,,
"		0",전국,2018-02-27,5.1,12.5,16.9,합천,-2.7,-8.1,봉화,25,,,
"		0",전국,2018-02-26,3.1,11.7,16.1,의령군,-4.2,-10.9,대관령,27,,,
"		0",전국,2018-02-25,3.8,10.5,15.4,김해시,-0.8,-8.5,대관령,23.9,,,
"		0",전국,2018-02-24,4.6,10.8,16.6,김해시,-0.4,-6.2,파주,22.8,,,
"		0",전국,2018-02-23,4.4,10.3,15.3,김해시,-2.7,-8.6,봉화,23.9,,,
"		0",전국,2018-02-22,0.6,7.3,11,김해시,-6.2,-13.3,봉화,24.3,,,
"		0",전국,2018-02-21,0.5,5.4,11.8,서귀포,-3.8,-14.3,대관령,26.1,,,
"		0",전국,2018-02-20,2.7,9.1,14.5,김해시,-3.9,-10.3,대관령,24.8,,,
"		0",전국,2018-02-19,2.8,9.2,13.5,의령군,-2.5,-10.4,제천,23.9,,,
"		0",전국,2018-02-18,0.8,6.8,11.8,김해시,-4.2,-11.4,대관령,23.2,,,
"		0",전국,2018-02-17,-0.2,4.6,10.9,김해시,-4.4,-11,철원,파주,21.9,,
"		0",전국,2018-02-16,1,7.6,13.1,김해시,-5.1,-12.8,철원,25.9,,,
"		0",전국,2018-02-15,1.9,7.5,14.6,김해시,-2.7,-9.5,대관령,24.1,,,
"		0",전국,2018-02-14,4.7,11.9,15.4,제주,-3.3,-11.8,청송군,27.2,,,
"		0",전국,2018-02-13,-0.7,5.1,9.8,성산,-7.2,-16,제천,25.8,,,
"		0",전국,2018-02-12,-4.1,-0.1,5.4,김해시,-8.9,-17.6,제천,23,,,
"		0",전국,2018-02-11,-3.6,0.1,5.4,제주,-7.2,-15.7,파주,21.1,,,
"		0",전국,2018-02-10,1.5,7,12.5,김해시,-4,-12,대관령,24.5,,,
"		0",전국,2018-02-09,1.4,8.6,13.4,김해시,-6.2,-15,철원,28.4,,,
"		0",전국,2018-02-08,-3.6,4.6,8.8,김해시,-11,-18.5,철원,봉화,27.3,,
"		0",전국,2018-02-07,-6.7,0,5.8,서귀포,-13.3,-23.4,대관령,29.2,,,
"		0",전국,2018-02-06,-8,-3.5,2.4,서귀포,-12.3,-20.4,철원,22.8,,,
"		0",전국,2018-02-05,-7.4,-2.6,4,고산,-11.8,-20.3,철원,24.3,,,
"		0",전국,2018-02-04,-7.1,-3.1,1.9,서귀포,-10.6,-19.1,철원,21,,,
"		0",전국,2018-02-03,-4.5,-0.8,5.4,서귀포,-8.1,-15.5,대관령,20.9,,,
"		0",전국,2018-02-02,-2.4,4.4,9,서귀포,-8.3,-18.8,대관령,27.8,,,
"		0",전국,2018-02-01,-2.1,4.4,9.4,부산,-7.7,-18.6,대관령,28,,,
"		0",전국,2018-01-31,-1,3.9,7.4,서귀포,-6,-11.4,거창,18.8,,,
"		0",전국,2018-01-30,-4.6,1.4,6.8,서귀포,-11.3,-20.4,철원,27.2,,,
"		0",전국,2018-01-29,-5.9,-1.7,6.3,서귀포,-9.3,-18.9,철원,25.2,,,
"		0",전국,2018-01-28,-2.7,1.8,8.1,서귀포,-5.8,-13.6,철원,파주,21.7,,
"		0",전국,2018-01-27,-7,0.4,6.4,서귀포,-14.6,-24.6,철원,31,,,
"		0",전국,2018-01-26,-10.4,-5.4,4.2,서귀포,-14.2,-25.2,철원,29.4,,,
"		0",전국,2018-01-25,-9.9,-5.1,3.1,서귀포,-13.9,-24.1,철원,27.2,,,
"		0",전국,2018-01-24,-10.4,-6.5,3.8,서귀포,-13.4,-23,철원,26.8,,,
"		0",전국,2018-01-23,-6.4,0.7,7.6,제주,-10,-19.6,대관령,27.2,,,
"		0",전국,2018-01-22,2.9,7.6,12.7,서귀포,-0.6,-8.8,대관령,21.5,,,
"		0",전국,2018-01-21,1.2,7.5,12.4,서귀포,-3.9,-13,대관령,25.4,,,
"		0",전국,2018-01-20,1.2,7.7,12.9,서귀포,-4.1,-9.2,청송군,22.1,,,
"		0",전국,2018-01-19,1.3,7.3,12.6,서귀포,-3,-8,대관령,20.6,,,
"		0",전국,2018-01-18,3.7,7.8,12.9,서귀포,0.1,-4.8,대관령,17.7,,,
"		0",전국,2018-01-17,4.3,7.8,14.3,서귀포,1.7,-2.5,철원,16.8,,,
"		0",전국,2018-01-16,3.8,8.2,15.7,성산,-0.8,-6.9,봉화,22.6,,,
"		0",전국,2018-01-15,4.4,10.8,16.2,서귀포,-0.9,-7.1,청송군,23.3,,,
"		0",전국,2018-01-14,-0.3,6.7,12.9,제주,-7,-16.8,대관령,29.7,,,
"		0",전국,2018-01-13,-3.1,3.1,7.7,서귀포,-8.8,-16.1,인제,23.8,,,
"		0",전국,2018-01-12,-8.5,-3.7,3.7,서귀포,-13.4,-22.2,철원,25.9,,,
"		0",전국,2018-01-11,-8.2,-4.3,2.3,고산,-11.3,-19.7,보은,22,,,
"		0",전국,2018-01-10,-4.5,-0.7,5.9,제주,고산,-8.1,-16.5,대관령,22.4,,
"		0",전국,2018-01-09,-1.3,1.5,7,제주,-3.4,-11.1,대관령,18.1,,,
"		0",전국,2018-01-08,2.3,4.8,14.1,서귀포,0.1,-5,대관령,19.1,,,
"		0",전국,2018-01-07,-0.3,4.4,12.4,성산,-6.5,-16,대관령,28.4,,,
"		0",전국,2018-01-06,-0.7,5.5,10.5,서귀포,-5.4,-14.9,철원,25.4,,,
"		0",전국,2018-01-05,-0.1,4.7,9.9,서귀포,양산시,-3.4,-12.1,대관령,22,,
"		0",전국,2018-01-04,-1.7,2.3,9.3,서귀포,-5.6,-18.5,대관령,27.8,,,
"		0",전국,2018-01-03,-1.6,2.8,11.3,서귀포,-5.3,-16.8,대관령,28.1,,,
"		0",전국,2018-01-02,0.2,5.8,11.5,서귀포,-5.3,-12.3,봉화,23.8,,,
"		0",전국,2018-01-01,-0.4,5.2,10,서귀포,-4.9,-13.1,철원,23.1,,,
"		",,,,,,,,,,,,,
"	",,,,,,,,,,,,,
"	",,,,,,,,,,,,,
"	",,,,,,,,,,,,,
"	",,,,,,,,,,,,,
"	",,,,,,,,,,,,,
